-- phpMyAdmin SQL Dump
-- version 5.1.1
-- https://www.phpmyadmin.net/
--
-- Host: 127.0.0.1
-- Generation Time: Mar 05, 2022 at 10:13 PM
-- Server version: 10.4.22-MariaDB
-- PHP Version: 8.1.2

SET SQL_MODE = "NO_AUTO_VALUE_ON_ZERO";
START TRANSACTION;
SET time_zone = "+00:00";


/*!40101 SET @OLD_CHARACTER_SET_CLIENT=@@CHARACTER_SET_CLIENT */;
/*!40101 SET @OLD_CHARACTER_SET_RESULTS=@@CHARACTER_SET_RESULTS */;
/*!40101 SET @OLD_COLLATION_CONNECTION=@@COLLATION_CONNECTION */;
/*!40101 SET NAMES utf8mb4 */;

--
-- Database: `tbl_assetv1`
--

-- --------------------------------------------------------

--
-- Table structure for table `tbl_category`
--

CREATE TABLE `tbl_category` (
  `category_uid` varchar(64) NOT NULL,
  `category_name` varchar(150) NOT NULL,
  `type` bigint(20) NOT NULL,
  `category_imagename` varchar(100) NOT NULL,
  `is_deleted` int(11) NOT NULL DEFAULT 0
) ENGINE=InnoDB DEFAULT CHARSET=utf8mb4;

-- --------------------------------------------------------

--
-- Table structure for table `tbl_company`
--

CREATE TABLE `tbl_company` (
  `company_uid` varchar(64) NOT NULL,
  `company_name` varchar(100) NOT NULL,
  `company_imagename` varchar(100) NOT NULL,
  `is_deleted` int(11) NOT NULL DEFAULT 0
) ENGINE=InnoDB DEFAULT CHARSET=utf8mb4;

-- --------------------------------------------------------

--
-- Table structure for table `tbl_component`
--

CREATE TABLE `tbl_component` (
  `component_uid` varchar(64) NOT NULL,
  `asset_tag` varchar(100) NOT NULL,
  `assettag_number` bigint(20) NOT NULL,
  `warranty` bigint(20) NOT NULL,
  `inv_uid` varchar(64) NOT NULL,
  `category` varchar(64) NOT NULL,
  `manufacturer` varchar(64) NOT NULL,
  `model` varchar(64) NOT NULL,
  `model_no` varchar(64) NOT NULL,
  `serialno` varchar(100) NOT NULL,
  `remarks` varchar(200) NOT NULL,
  `status_id` varchar(64) NOT NULL,
  `asset_assign` varchar(64) NOT NULL,
  `assigned_user` varchar(64) NOT NULL DEFAULT '0',
  `is_deleted` int(11) NOT NULL DEFAULT 0
) ENGINE=InnoDB DEFAULT CHARSET=utf8mb4;

--
-- Dumping data for table `tbl_component`
--

INSERT INTO `tbl_component` (`component_uid`, `asset_tag`, `assettag_number`, `warranty`, `inv_uid`, `category`, `manufacturer`, `model`, `model_no`, `serialno`, `remarks`, `status_id`, `asset_assign`, `assigned_user`, `is_deleted`) VALUES
('COMP_620c98a3978d9', 'DES0000001', 1, 0, '', 'CATE_620b2e90874a2', 'MANU_620b2ed054f2b', 'MODL_620b2ea85e235', 'MODLNO_620b2eb17b544', '-', '', '', '', '0', 1),
('COMP_620c9a711cd22', 'DES0000002', 2, 0, '', 'CATE_620b2e90874a2', 'MANU_620b2ed054f2b', 'MODL_620b2ea85e235', 'MODLNO_620b2eb17b544', '', '', '', '', '0', 1),
('COMP_620c9aaee52cb', 'DES0000003', 3, 0, '', 'CATE_620b2e90874a2', 'MANU_620b2ed054f2b', 'MODL_620b2ea85e235', 'MODLNO_620b2eb17b544', '', '', '', '', '0', 1),
('COMP_620c9c7767fcb', 'DES0000004', 4, 0, '', 'CATE_620b2e90874a2', 'MANU_620b2ed054f2b', 'MODL_620b2ea85e235', 'MODLNO_620b2eb17b544', '', '', '', '', '0', 1),
('COMP_620c9c90349f5', 'DES0000005', 5, 0, '', 'CATE_620b2e90874a2', 'MANU_620b2ed054f2b', 'MODL_620b2ea85e235', 'MODLNO_620b2eb17b544', '', '', '', '', '0', 1),
('COMP_620c9c9e8dfed', 'DES0000006', 6, 0, '', 'CATE_620b2e90874a2', 'MANU_620b2ed054f2b', 'MODL_620b2ea85e235', 'MODLNO_620b2eb17b544', '', '', '', '', '0', 1),
('COMP_620c9d8593834', 'DES0000007', 7, 0, '', 'CATE_620b2e90874a2', 'MANU_620b2ed054f2b', 'MODL_620b2ea85e235', 'MODLNO_620b2eb17b544', '', '', '', '', '0', 1),
('COMP_620ca6b3bc034', 'DES0000008', 8, 0, '', 'CATE_620b2e90874a2', 'MANU_620b2ed054f2b', 'MODL_620b2ea85e235', 'MODLNO_620b2eb17b544', '', '', '', '', '0', 1),
('COMP_620ca7207b2c8', 'DES0000009', 9, 0, '', 'CATE_620b2e90874a2', 'MANU_620b2ed054f2b', 'MODL_620b2ea85e235', 'MODLNO_620b2eb17b544', '', '', '', '', '0', 1),
('COMP_620ca72fb0628', 'DES0000010', 10, 0, '', 'CATE_620b2e90874a2', 'MANU_620b2ed054f2b', 'MODL_620b2ea85e235', 'MODLNO_620b2eb17b544', '', '', '', '', '0', 1),
('COMP_620ca7377c90b', 'DES0000011', 11, 0, '', 'CATE_620b2e90874a2', 'MANU_620b2ed054f2b', 'MODL_620b2ea85e235', 'MODLNO_620b2eb17b544', '', '', '', '', '0', 1),
('COMP_620ca73924064', 'DES0000012', 12, 0, '', 'CATE_620b2e90874a2', 'MANU_620b2ed054f2b', 'MODL_620b2ea85e235', 'MODLNO_620b2eb17b544', '', '', '', '', '0', 1),
('COMP_620ca73ab36d5', 'DES0000013', 13, 0, '', 'CATE_620b2e90874a2', 'MANU_620b2ed054f2b', 'MODL_620b2ea85e235', 'MODLNO_620b2eb17b544', '', '', '', '', '0', 1),
('COMP_620ca73c2ee93', 'DES0000014', 14, 0, '', 'CATE_620b2e90874a2', 'MANU_620b2ed054f2b', 'MODL_620b2ea85e235', 'MODLNO_620b2eb17b544', '', '', '', '', '0', 1),
('COMP_620ca73da5d7a', 'DES0000015', 15, 0, '', 'CATE_620b2e90874a2', 'MANU_620b2ed054f2b', 'MODL_620b2ea85e235', 'MODLNO_620b2eb17b544', '', '', '', '', '0', 1),
('COMP_620ca73f34e0e', 'DES0000016', 16, 0, '', 'CATE_620b2e90874a2', 'MANU_620b2ed054f2b', 'MODL_620b2ea85e235', 'MODLNO_620b2eb17b544', '', '', '', '', '0', 1),
('COMP_620ca740afcfe', 'DES0000017', 17, 0, '', 'CATE_620b2e90874a2', 'MANU_620b2ed054f2b', 'MODL_620b2ea85e235', 'MODLNO_620b2eb17b544', '', '', '', '', '0', 1),
('COMP_620ca74223271', 'DES0000018', 18, 0, '', 'CATE_620b2e90874a2', 'MANU_620b2ed054f2b', 'MODL_620b2ea85e235', 'MODLNO_620b2eb17b544', '', '', '', '', '0', 1),
('COMP_620ca7438f03d', 'DES0000019', 19, 0, '', 'CATE_620b2e90874a2', 'MANU_620b2ed054f2b', 'MODL_620b2ea85e235', 'MODLNO_620b2eb17b544', '', '', '', '', '0', 1),
('COMP_620ca7453fb89', 'DES0000020', 20, 0, '', 'CATE_620b2e90874a2', 'MANU_620b2ed054f2b', 'MODL_620b2ea85e235', 'MODLNO_620b2eb17b544', '', '', '', '', '0', 1),
('COMP_620ca7469d515', 'DES0000021', 21, 0, '', 'CATE_620b2e90874a2', 'MANU_620b2ed054f2b', 'MODL_620b2ea85e235', 'MODLNO_620b2eb17b544', '', '', '', '', '0', 1),
('COMP_620ca74807a1c', 'DES0000022', 22, 0, '', 'CATE_620b2e90874a2', 'MANU_620b2ed054f2b', 'MODL_620b2ea85e235', 'MODLNO_620b2eb17b544', '', '', '', '', '0', 1),
('COMP_620ca74ee93a8', 'DES0000023', 23, 0, '', 'CATE_620b2e90874a2', 'MANU_620b2ed054f2b', 'MODL_620b2ea85e235', 'MODLNO_620b2eb17b544', '', '', '', '', '0', 1),
('COMP_620ca750e14c0', 'DES0000024', 24, 0, '', 'CATE_620b2e90874a2', 'MANU_620b2ed054f2b', 'MODL_620b2ea85e235', 'MODLNO_620b2eb17b544', '', '', '', '', '0', 1),
('COMP_620ca7528f476', 'DES0000025', 25, 0, '', 'CATE_620b2e90874a2', 'MANU_620b2ed054f2b', 'MODL_620b2ea85e235', 'MODLNO_620b2eb17b544', '', '', '', '', '0', 1),
('COMP_620ca7545f14d', 'DES0000026', 26, 0, '', 'CATE_620b2e90874a2', 'MANU_620b2ed054f2b', 'MODL_620b2ea85e235', 'MODLNO_620b2eb17b544', '', '', '', '', '0', 1),
('COMP_620ca755d20a0', 'DES0000027', 27, 0, '', 'CATE_620b2e90874a2', 'MANU_620b2ed054f2b', 'MODL_620b2ea85e235', 'MODLNO_620b2eb17b544', '', '', '', '', '0', 1),
('COMP_620ca7573d338', 'DES0000028', 28, 0, '', 'CATE_620b2e90874a2', 'MANU_620b2ed054f2b', 'MODL_620b2ea85e235', 'MODLNO_620b2eb17b544', '', '', '', '', '0', 1),
('COMP_620ca758b935e', 'DES0000029', 29, 0, '', 'CATE_620b2e90874a2', 'MANU_620b2ed054f2b', 'MODL_620b2ea85e235', 'MODLNO_620b2eb17b544', '', '', '', '', '0', 1),
('COMP_620ca75a5bbfd', 'DES0000030', 30, 0, '', 'CATE_620b2e90874a2', 'MANU_620b2ed054f2b', 'MODL_620b2ea85e235', 'MODLNO_620b2eb17b544', '', '', '', '', '0', 1),
('COMP_620ca75c295c1', 'DES0000031', 31, 0, '', 'CATE_620b2e90874a2', 'MANU_620b2ed054f2b', 'MODL_620b2ea85e235', 'MODLNO_620b2eb17b544', '', '', '', '', '0', 1),
('COMP_620ca75d7a304', 'DES0000032', 32, 0, '', 'CATE_620b2e90874a2', 'MANU_620b2ed054f2b', 'MODL_620b2ea85e235', 'MODLNO_620b2eb17b544', '', '', '', '', '0', 1),
('COMP_620ca75eecd71', 'DES0000033', 33, 0, '', 'CATE_620b2e90874a2', 'MANU_620b2ed054f2b', 'MODL_620b2ea85e235', 'MODLNO_620b2eb17b544', '', '', '', '', '0', 1),
('COMP_620ca760da4bc', 'DES0000034', 34, 0, '', 'CATE_620b2e90874a2', 'MANU_620b2ed054f2b', 'MODL_620b2ea85e235', 'MODLNO_620b2eb17b544', '', '', '', '', '0', 1),
('COMP_620ca76256e26', 'DES0000035', 35, 0, '', 'CATE_620b2e90874a2', 'MANU_620b2ed054f2b', 'MODL_620b2ea85e235', 'MODLNO_620b2eb17b544', '', '', '', '', '0', 1),
('COMP_620ca763d359b', 'DES0000036', 36, 0, '', 'CATE_620b2e90874a2', 'MANU_620b2ed054f2b', 'MODL_620b2ea85e235', 'MODLNO_620b2eb17b544', '', '', '', '', '0', 1),
('COMP_620ca76564473', 'DES0000037', 37, 0, '', 'CATE_620b2e90874a2', 'MANU_620b2ed054f2b', 'MODL_620b2ea85e235', 'MODLNO_620b2eb17b544', '', '', '', '', '0', 1),
('COMP_620ca766c91ba', 'DES0000038', 38, 0, '', 'CATE_620b2e90874a2', 'MANU_620b2ed054f2b', 'MODL_620b2ea85e235', 'MODLNO_620b2eb17b544', '', '', '', '', '0', 1),
('COMP_620ca7683bc75', 'DES0000039', 39, 0, '', 'CATE_620b2e90874a2', 'MANU_620b2ed054f2b', 'MODL_620b2ea85e235', 'MODLNO_620b2eb17b544', '', '', '', '', '0', 1),
('COMP_620ca769901f6', 'DES0000040', 40, 0, '', 'CATE_620b2e90874a2', 'MANU_620b2ed054f2b', 'MODL_620b2ea85e235', 'MODLNO_620b2eb17b544', '', '', '', '', '0', 1),
('COMP_620ca76b0b559', 'DES0000041', 41, 0, '', 'CATE_620b2e90874a2', 'MANU_620b2ed054f2b', 'MODL_620b2ea85e235', 'MODLNO_620b2eb17b544', '', '', '', '', '0', 1),
('COMP_620ca76c5acf3', 'DES0000042', 42, 0, '', 'CATE_620b2e90874a2', 'MANU_620b2ed054f2b', 'MODL_620b2ea85e235', 'MODLNO_620b2eb17b544', '', '', '', '', '0', 1),
('COMP_620ca76e0c547', 'DES0000043', 43, 0, '', 'CATE_620b2e90874a2', 'MANU_620b2ed054f2b', 'MODL_620b2ea85e235', 'MODLNO_620b2eb17b544', '', '', '', '', '0', 1),
('COMP_620ca76f6c890', 'DES0000044', 44, 0, '', 'CATE_620b2e90874a2', 'MANU_620b2ed054f2b', 'MODL_620b2ea85e235', 'MODLNO_620b2eb17b544', '', '', '', '', '0', 1),
('COMP_620ca770cf598', 'DES0000045', 45, 0, '', 'CATE_620b2e90874a2', 'MANU_620b2ed054f2b', 'MODL_620b2ea85e235', 'MODLNO_620b2eb17b544', '', '', '', '', '0', 1),
('COMP_620ca7884d6a1', 'DES0000046', 46, 0, '', 'CATE_620b2e90874a2', 'MANU_620b2ed054f2b', 'MODL_620b2ea85e235', 'MODLNO_620b2eb17b544', '', '', '', '', '0', 1),
('COMP_620ca789a137e', 'DES0000047', 47, 0, '', 'CATE_620b2e90874a2', 'MANU_620b2ed054f2b', 'MODL_620b2ea85e235', 'MODLNO_620b2eb17b544', '', '', '', '', '0', 1),
('COMP_620ca78aee2d6', 'DES0000048', 48, 0, '', 'CATE_620b2e90874a2', 'MANU_620b2ed054f2b', 'MODL_620b2ea85e235', 'MODLNO_620b2eb17b544', '', '', '', '', '0', 1),
('COMP_620ca78c728cb', 'DES0000049', 49, 0, '', 'CATE_620b2e90874a2', 'MANU_620b2ed054f2b', 'MODL_620b2ea85e235', 'MODLNO_620b2eb17b544', '', '', '', '', '0', 1),
('COMP_620ca78dc7f3e', 'DES0000050', 50, 0, '', 'CATE_620b2e90874a2', 'MANU_620b2ed054f2b', 'MODL_620b2ea85e235', 'MODLNO_620b2eb17b544', '', '', '', '', '0', 1),
('COMP_620ca78f3a953', 'DES0000051', 51, 0, '', 'CATE_620b2e90874a2', 'MANU_620b2ed054f2b', 'MODL_620b2ea85e235', 'MODLNO_620b2eb17b544', '', '', '', '', '0', 1),
('COMP_620ca790e17a9', 'DES0000052', 52, 0, '', 'CATE_620b2e90874a2', 'MANU_620b2ed054f2b', 'MODL_620b2ea85e235', 'MODLNO_620b2eb17b544', '', '', '', '', '0', 1),
('COMP_620ca792514aa', 'DES0000053', 53, 0, '', 'CATE_620b2e90874a2', 'MANU_620b2ed054f2b', 'MODL_620b2ea85e235', 'MODLNO_620b2eb17b544', '', '', '', '', '0', 1),
('COMP_620ca7939f29f', 'DES0000054', 54, 0, '', 'CATE_620b2e90874a2', 'MANU_620b2ed054f2b', 'MODL_620b2ea85e235', 'MODLNO_620b2eb17b544', '', '', '', '', '0', 1),
('COMP_620ca7a32473c', 'DES0000055', 55, 0, '', 'CATE_620b2e90874a2', 'MANU_620b2ed054f2b', 'MODL_620b2ea85e235', 'MODLNO_620b2eb17b544', '', '', '', '', '0', 1),
('COMP_620ca7a49ebe2', 'DES0000056', 56, 0, '', 'CATE_620b2e90874a2', 'MANU_620b2ed054f2b', 'MODL_620b2ea85e235', 'MODLNO_620b2eb17b544', '', '', '', '', '0', 1),
('COMP_620ca7a64043d', 'DES0000057', 57, 0, '', 'CATE_620b2e90874a2', 'MANU_620b2ed054f2b', 'MODL_620b2ea85e235', 'MODLNO_620b2eb17b544', '', '', '', '', '0', 1),
('COMP_620ca7a7a3d68', 'DES0000058', 58, 0, '', 'CATE_620b2e90874a2', 'MANU_620b2ed054f2b', 'MODL_620b2ea85e235', 'MODLNO_620b2eb17b544', '', '', '', '', '0', 1),
('COMP_620ca7a92221b', 'DES0000059', 59, 0, '', 'CATE_620b2e90874a2', 'MANU_620b2ed054f2b', 'MODL_620b2ea85e235', 'MODLNO_620b2eb17b544', '', '', '', '', '0', 1),
('COMP_620ca7b2c4083', 'DES0000060', 60, 0, '', 'CATE_620b2e90874a2', 'MANU_620b2ed054f2b', 'MODL_620b2ea85e235', 'MODLNO_620b2eb17b544', '', '', '', '', '0', 1),
('COMP_620ca9015863d', 'LAP0000001', 1, 3, '', 'CATE_6206a7440b180', 'MANU_62072fbf9470b', 'MODL_620ca8a30cc84', 'MODLNO_620ca8cc30a18', '-', '', '', '', '0', 1),
('COMP_620ca90e9613f', 'LAP0000002', 2, 3, '', 'CATE_6206a7440b180', 'MANU_62072fbf9470b', 'MODL_620ca8a30cc84', 'MODLNO_620ca8cc30a18', '-', '', '', '', '0', 1),
('COMP_620ca9106a292', 'LAP0000003', 3, 3, '', 'CATE_6206a7440b180', 'MANU_62072fbf9470b', 'MODL_620ca8a30cc84', 'MODLNO_620ca8cc30a18', '-', '', '', '', '0', 1),
('COMP_620ca911dbbf2', 'LAP0000004', 4, 3, '', 'CATE_6206a7440b180', 'MANU_62072fbf9470b', 'MODL_620ca8a30cc84', 'MODLNO_620ca8cc30a18', '-', '', '', '', '0', 1),
('COMP_620ca9175839e', 'LAP0000005', 5, 3, '', 'CATE_6206a7440b180', 'MANU_62072fbf9470b', 'MODL_620ca8a30cc84', 'MODLNO_620ca8cc30a18', '-', '', '', '', '0', 1),
('COMP_620ca918cc353', 'LAP0000006', 6, 3, '', 'CATE_6206a7440b180', 'MANU_62072fbf9470b', 'MODL_620ca8a30cc84', 'MODLNO_620ca8cc30a18', '-', '', '', '', '0', 1),
('COMP_620ca91a38aa9', 'LAP0000007', 7, 3, '', 'CATE_6206a7440b180', 'MANU_62072fbf9470b', 'MODL_620ca8a30cc84', 'MODLNO_620ca8cc30a18', '-', '', '', '', '0', 1),
('COMP_620ca91c4563f', 'LAP0000008', 8, 3, '', 'CATE_6206a7440b180', 'MANU_62072fbf9470b', 'MODL_620ca8a30cc84', 'MODLNO_620ca8cc30a18', '-', '', '', '', '0', 1),
('COMP_620ca91e4ae3f', 'LAP0000009', 9, 3, '', 'CATE_6206a7440b180', 'MANU_62072fbf9470b', 'MODL_620ca8a30cc84', 'MODLNO_620ca8cc30a18', '-', '', '', '', '0', 1),
('COMP_620ca9204219c', 'LAP0000010', 10, 3, '', 'CATE_6206a7440b180', 'MANU_62072fbf9470b', 'MODL_6213791a74f1e', 'MODLNO_620ca8cc30a18', 'DFHVWQ1', '', 'STS_620be5e16097b', '', '5', 0),
('COMP_620ca92218efa', 'LAP0000011', 11, 3, '', 'CATE_6206a7440b180', 'MANU_62072fbf9470b', 'MODL_6213793eac95d', 'MODLNO_620ca8cc30a18', 'BH967W1', '', 'STS_620be5e16097b', '', '83', 0),
('COMP_620cd403301fd', 'DES0000061', 61, 0, '', 'CATE_620b2e90874a2', 'MANU_620b2ed054f2b', 'MODL_620b2ea85e235', 'MODLNO_620b2eb17b544', '', '', 'STS_620be5e16097b', '', '99', 0),
('COMP_620cd4df54713', 'DES0000062', 62, 0, '', 'CATE_620b2e90874a2', 'MANU_620b2ed054f2b', 'MODL_620b2ea85e235', 'MODLNO_620b2eb17b544', '', '', 'STS_620be5e16097b', '', '109', 0),
('COMP_620cd4f36ffce', 'DES0000063', 63, 0, '', 'CATE_620b2e90874a2', 'MANU_620b2ed054f2b', 'MODL_620b2ea85e235', 'MODLNO_620b2eb17b544', '', '', 'STS_620be5e16097b', '', '212', 0),
('COMP_620cd4f53a1bd', 'DES0000064', 64, 0, '', 'CATE_620b2e90874a2', 'MANU_620b2ed054f2b', 'MODL_620b2ea85e235', 'MODLNO_620b2eb17b544', '', '', 'STS_620be5e16097b', '', '21', 0),
('COMP_620cd4f6a5871', 'DES0000065', 65, 0, '', 'CATE_620b2e90874a2', 'MANU_620b2ed054f2b', 'MODL_620b2ea85e235', 'MODLNO_620b2eb17b544', '', '', 'STS_620be5e16097b', '', '10', 0),
('COMP_620cd4f836ff2', 'DES0000066', 66, 0, '', 'CATE_620b2e90874a2', 'MANU_620b2ed054f2b', 'MODL_620b2ea85e235', 'MODLNO_620b2eb17b544', '', '', 'STS_620be5e16097b', '', '36', 0),
('COMP_620cd5de1c70d', 'DES0000067', 67, 0, '', 'CATE_620b2e90874a2', 'MANU_620b2ed054f2b', 'MODL_620b2ea85e235', 'MODLNO_620b2eb17b544', '', '', 'STS_620be5e16097b', '', '38', 0),
('COMP_620cd5df82d30', 'DES0000068', 68, 0, '', 'CATE_620b2e90874a2', 'MANU_620b2ed054f2b', 'MODL_620b2ea85e235', 'MODLNO_620b2eb17b544', '', '', 'STS_620be5e16097b', '', '157', 0),
('COMP_620cd5e18ba6f', 'DES0000069', 69, 0, '', 'CATE_620b2e90874a2', 'MANU_620b2ed054f2b', 'MODL_620b2ea85e235', 'MODLNO_620b2eb17b544', '', '', 'STS_620be5e16097b', '', '219', 0),
('COMP_620cd5e3a9348', 'DES0000070', 70, 0, '', 'CATE_620b2e90874a2', 'MANU_620b2ed054f2b', 'MODL_620b2ea85e235', 'MODLNO_620b2eb17b544', '', '', 'STS_620be5e16097b', '', '102', 0),
('COMP_620cd5e52d7bc', 'DES0000071', 71, 0, '', 'CATE_620b2e90874a2', 'MANU_620b2ed054f2b', 'MODL_620b2ea85e235', 'MODLNO_620b2eb17b544', '', '', 'STS_620be5e16097b', '', '136', 0),
('COMP_620cd5e723d87', 'DES0000072', 72, 0, '', 'CATE_620b2e90874a2', 'MANU_620b2ed054f2b', 'MODL_620b2ea85e235', 'MODLNO_620b2eb17b544', '', '', 'STS_620be5e16097b', '', '195', 0),
('COMP_620cd5e8b7d80', 'DES0000073', 73, 0, '', 'CATE_620b2e90874a2', 'MANU_620b2ed054f2b', 'MODL_620b2ea85e235', 'MODLNO_620b2eb17b544', '', '', 'STS_620be5e16097b', '', '208', 0),
('COMP_620cd5ea4dc49', 'DES0000074', 74, 0, '', 'CATE_620b2e90874a2', 'MANU_620b2ed054f2b', 'MODL_620b2ea85e235', 'MODLNO_620b2eb17b544', '', '', 'STS_620be5e16097b', '', '116', 0),
('COMP_620cd6205ebcb', 'DES0000075', 75, 0, '', 'CATE_620b2e90874a2', 'MANU_620b2ed054f2b', 'MODL_620b2ea85e235', 'MODLNO_620b2eb17b544', '', '', 'STS_620be5e16097b', '', '40', 0),
('COMP_620cd621d9d9a', 'DES0000076', 76, 0, '', 'CATE_620b2e90874a2', 'MANU_620b2ed054f2b', 'MODL_620b2ea85e235', 'MODLNO_620b2eb17b544', '', '', 'STS_620be5e16097b', '', '56', 0),
('COMP_620cd62351496', 'DES0000077', 77, 0, '', 'CATE_620b2e90874a2', 'MANU_620b2ed054f2b', 'MODL_620b2ea85e235', 'MODLNO_620b2eb17b544', '', '', 'STS_620be5e16097b', '', '15', 0),
('COMP_620cd624ba2ce', 'DES0000078', 78, 0, '', 'CATE_620b2e90874a2', 'MANU_620b2ed054f2b', 'MODL_620b2ea85e235', 'MODLNO_620b2eb17b544', '', '', 'STS_620be5e16097b', '', '31', 0),
('COMP_620cd626256bc', 'DES0000079', 79, 0, '', 'CATE_620b2e90874a2', 'MANU_620b2ed054f2b', 'MODL_620b2ea85e235', 'MODLNO_620b2eb17b544', '', '', 'STS_620be5e16097b', '', '133', 0),
('COMP_620cd627af51a', 'DES0000080', 80, 0, '', 'CATE_620b2e90874a2', 'MANU_620b2ed054f2b', 'MODL_620b2ea85e235', 'MODLNO_620b2eb17b544', '', '', 'STS_620be5e16097b', '', '221', 0),
('COMP_620cd62963d7f', 'DES0000081', 81, 0, '', 'CATE_620b2e90874a2', 'MANU_620b2ed054f2b', 'MODL_620b2ea85e235', 'MODLNO_620b2eb17b544', '', '', 'STS_620be5e16097b', '', '8', 0),
('COMP_620cd62adc033', 'DES0000082', 82, 0, '', 'CATE_620b2e90874a2', 'MANU_620b2ed054f2b', 'MODL_620b2ea85e235', 'MODLNO_620b2eb17b544', '', '', 'STS_620be5e16097b', '', '76', 0),
('COMP_620cd62c78a08', 'DES0000083', 83, 0, '', 'CATE_620b2e90874a2', 'MANU_620b2ed054f2b', 'MODL_620b2ea85e235', 'MODLNO_620b2eb17b544', '', '', 'STS_620be5e16097b', '', '192', 0),
('COMP_620cd62de3ddf', 'DES0000084', 84, 0, '', 'CATE_620b2e90874a2', 'MANU_620b2ed054f2b', 'MODL_620b2ea85e235', 'MODLNO_620b2eb17b544', '', '', 'STS_620be5e16097b', '', '72', 0),
('COMP_620cd62f61d1f', 'DES0000085', 85, 0, '', 'CATE_620b2e90874a2', 'MANU_620b2ed054f2b', 'MODL_620b2ea85e235', 'MODLNO_620b2eb17b544', '', '', 'STS_620be5e16097b', '', '101', 0),
('COMP_620cd6757cc33', 'DES0000086', 86, 0, '', 'CATE_620b2e90874a2', 'MANU_620b2ed054f2b', 'MODL_620b2ea85e235', 'MODLNO_620b2eb17b544', '', '', 'STS_620be5e16097b', '', '162', 0),
('COMP_620cd676cf509', 'DES0000087', 87, 0, '', 'CATE_620b2e90874a2', 'MANU_620b2ed054f2b', 'MODL_620b2ea85e235', 'MODLNO_620b2eb17b544', '', '', 'STS_620be5e16097b', '', '178', 0),
('COMP_620cd678390c9', 'DES0000088', 88, 0, '', 'CATE_620b2e90874a2', 'MANU_620b2ed054f2b', 'MODL_620b2ea85e235', 'MODLNO_620b2eb17b544', '', '', 'STS_620be5e16097b', '', '206', 0),
('COMP_620cd67a48bd5', 'DES0000089', 89, 0, '', 'CATE_620b2e90874a2', 'MANU_620b2ed054f2b', 'MODL_620b2ea85e235', 'MODLNO_620b2eb17b544', '', '', 'STS_620be5e16097b', '', '63', 0),
('COMP_620cd68a538aa', 'DES0000090', 90, 0, '', 'CATE_620b2e90874a2', 'MANU_620b2ed054f2b', 'MODL_620b2ea85e235', 'MODLNO_620b2eb17b544', '', '', 'STS_620be5e16097b', '', '114', 0),
('COMP_620cd68bab939', 'DES0000091', 91, 0, '', 'CATE_620b2e90874a2', 'MANU_620b2ed054f2b', 'MODL_620b2ea85e235', 'MODLNO_620b2eb17b544', '', '', 'STS_620be5e16097b', '', '236', 0),
('COMP_620cd68d0217b', 'DES0000092', 92, 0, '', 'CATE_620b2e90874a2', 'MANU_620b2ed054f2b', 'MODL_620b2ea85e235', 'MODLNO_620b2eb17b544', '', '', 'STS_620be5e16097b', '', '226', 0),
('COMP_620cd68e8b570', 'DES0000093', 93, 0, '', 'CATE_620b2e90874a2', 'MANU_620b2ed054f2b', 'MODL_620b2ea85e235', 'MODLNO_620b2eb17b544', '', '', 'STS_620be5e16097b', '', '27', 0),
('COMP_620cd6900f596', 'DES0000094', 94, 0, '', 'CATE_620b2e90874a2', 'MANU_620b2ed054f2b', 'MODL_620b2ea85e235', 'MODLNO_620b2eb17b544', '', '', 'STS_620be5e16097b', '', '50', 0),
('COMP_620cd6918cb6a', 'DES0000095', 95, 0, '', 'CATE_620b2e90874a2', 'MANU_620b2ed054f2b', 'MODL_620b2ea85e235', 'MODLNO_620b2eb17b544', '', '', 'STS_620be5e16097b', '', '112', 0),
('COMP_620cd694361e1', 'DES0000096', 96, 0, '', 'CATE_620b2e90874a2', 'MANU_620b2ed054f2b', 'MODL_620b2ea85e235', 'MODLNO_620b2eb17b544', '', '', 'STS_620be5e16097b', '', '170', 0),
('COMP_620cd69628358', 'DES0000097', 97, 0, '', 'CATE_620b2e90874a2', 'MANU_620b2ed054f2b', 'MODL_620b2ea85e235', 'MODLNO_620b2eb17b544', '', '', 'STS_620be5e16097b', '', '171', 0),
('COMP_620cd6979a477', 'DES0000098', 98, 0, '', 'CATE_620b2e90874a2', 'MANU_620b2ed054f2b', 'MODL_620b2ea85e235', 'MODLNO_620b2eb17b544', '', '', 'STS_620be5e16097b', '', '211', 0),
('COMP_620cd69908d11', 'DES0000099', 99, 0, '', 'CATE_620b2e90874a2', 'MANU_620b2ed054f2b', 'MODL_620b2ea85e235', 'MODLNO_620b2eb17b544', '', '', 'STS_620be5e16097b', '', '217', 0),
('COMP_620cd69a7a266', 'DES0000100', 100, 0, '', 'CATE_620b2e90874a2', 'MANU_620b2ed054f2b', 'MODL_620b2ea85e235', 'MODLNO_620b2eb17b544', '', '', 'STS_620be5e16097b', '', '14', 0),
('COMP_620cd69be06e5', 'DES0000101', 101, 0, '', 'CATE_620b2e90874a2', 'MANU_620b2ed054f2b', 'MODL_620b2ea85e235', 'MODLNO_620b2eb17b544', '', '', 'STS_620be5e16097b', '', '58', 0),
('COMP_620cd69d7ecd6', 'DES0000102', 102, 0, '', 'CATE_620b2e90874a2', 'MANU_620b2ed054f2b', 'MODL_620b2ea85e235', 'MODLNO_620b2eb17b544', '', '', 'STS_620be5e16097b', '', '17', 0),
('COMP_620cd6b1d6246', 'DES0000103', 103, 0, '', 'CATE_620b2e90874a2', 'MANU_620b2ed054f2b', 'MODL_620b2ea85e235', 'MODLNO_620b2eb17b544', '', '', 'STS_620be5e16097b', '', '199', 0),
('COMP_620cd6b3431c9', 'DES0000104', 104, 0, '', 'CATE_620b2e90874a2', 'MANU_620b2ed054f2b', 'MODL_620b2ea85e235', 'MODLNO_620b2eb17b544', '', '', 'STS_620be5e16097b', '', '41', 0),
('COMP_620cd6b4895b4', 'DES0000105', 105, 0, '', 'CATE_620b2e90874a2', 'MANU_620b2ed054f2b', 'MODL_620b2ea85e235', 'MODLNO_620b2eb17b544', '', '', 'STS_620be5e16097b', '', '52', 0),
('COMP_620cd6b5df7c4', 'DES0000106', 106, 0, '', 'CATE_620b2e90874a2', 'MANU_620b2ed054f2b', 'MODL_620b2ea85e235', 'MODLNO_620b2eb17b544', '', '', 'STS_620be5e16097b', '', '57', 0),
('COMP_620cd6b7307c6', 'DES0000107', 107, 0, '', 'CATE_620b2e90874a2', 'MANU_620b2ed054f2b', 'MODL_620b2ea85e235', 'MODLNO_620b2eb17b544', '', '', 'STS_620be5e16097b', '', '106', 0),
('COMP_620cd6b874f8c', 'DES0000108', 108, 0, '', 'CATE_620b2e90874a2', 'MANU_620b2ed054f2b', 'MODL_620b2ea85e235', 'MODLNO_620b2eb17b544', '', '', 'STS_620be5e16097b', '', '118', 0),
('COMP_620cd6b9c3a16', 'DES0000109', 109, 0, '', 'CATE_620b2e90874a2', 'MANU_620b2ed054f2b', 'MODL_620b2ea85e235', 'MODLNO_620b2eb17b544', '', '', 'STS_620be5e16097b', '', '194', 0),
('COMP_620cd6bb15c97', 'DES0000110', 110, 0, '', 'CATE_620b2e90874a2', 'MANU_620b2ed054f2b', 'MODL_620b2ea85e235', 'MODLNO_620b2eb17b544', '', '', 'STS_620be5e16097b', '', '242', 0),
('COMP_620cd6bc6be53', 'DES0000111', 111, 0, '', 'CATE_620b2e90874a2', 'MANU_620b2ed054f2b', 'MODL_620b2ea85e235', 'MODLNO_620b2eb17b544', '', '', 'STS_620be5e16097b', '', '180', 0),
('COMP_620cd6bdbbc90', 'DES0000112', 112, 0, '', 'CATE_620b2e90874a2', 'MANU_620b2ed054f2b', 'MODL_620b2ea85e235', 'MODLNO_620b2eb17b544', '', '', 'STS_620be5e16097b', '', '231', 0),
('COMP_620cd6bf17ce1', 'DES0000113', 113, 0, '', 'CATE_620b2e90874a2', 'MANU_620b2ed054f2b', 'MODL_620b2ea85e235', 'MODLNO_620b2eb17b544', '', '', 'STS_620be5e16097b', '', '20', 0),
('COMP_620cd6c05d9a4', 'DES0000114', 114, 0, '', 'CATE_620b2e90874a2', 'MANU_620b2ed054f2b', 'MODL_620b2ea85e235', 'MODLNO_620b2eb17b544', '', '', 'STS_620be5e16097b', '', '119', 0),
('COMP_620cd6c1b1de4', 'DES0000115', 115, 0, '', 'CATE_620b2e90874a2', 'MANU_620b2ed054f2b', 'MODL_620b2ea85e235', 'MODLNO_620b2eb17b544', '', '', 'STS_620be5e16097b', '', '246', 0),
('COMP_620cd6c3104be', 'DES0000116', 116, 0, '', 'CATE_620b2e90874a2', 'MANU_620b2ed054f2b', 'MODL_620b2ea85e235', 'MODLNO_620b2eb17b544', '', '', 'STS_620be5e16097b', '', '139', 0),
('COMP_620cd6c46befe', 'DES0000117', 117, 0, '', 'CATE_620b2e90874a2', 'MANU_620b2ed054f2b', 'MODL_620b2ea85e235', 'MODLNO_620b2eb17b544', '', '', 'STS_620be5e16097b', '', '145', 0),
('COMP_620cd6c5c1151', 'DES0000118', 118, 0, '', 'CATE_620b2e90874a2', 'MANU_620b2ed054f2b', 'MODL_620b2ea85e235', 'MODLNO_620b2eb17b544', '', '', 'STS_620be5e16097b', '', '169', 0),
('COMP_620cd6d3e145b', 'DES0000119', 119, 0, '', 'CATE_620b2e90874a2', 'MANU_620b2ed054f2b', 'MODL_620b2ea85e235', 'MODLNO_620b2eb17b544', '', '', 'STS_620be5e16097b', '', '185', 0),
('COMP_620cd6d55ec6d', 'DES0000120', 120, 0, '', 'CATE_620b2e90874a2', 'MANU_620b2ed054f2b', 'MODL_620b2ea85e235', 'MODLNO_620b2eb17b544', '', '', 'STS_620be5e16097b', '', '187', 0),
('COMP_620cd6d8a48dd', 'DES0000121', 121, 0, '', 'CATE_620b2e90874a2', 'MANU_620b2ed054f2b', 'MODL_620b2ea85e235', 'MODLNO_620b2eb17b544', '', '', 'STS_620be5e16097b', '', '196', 0),
('COMP_620cd6da534f0', 'DES0000122', 122, 0, '', 'CATE_620b2e90874a2', 'MANU_620b2ed054f2b', 'MODL_620b2ea85e235', 'MODLNO_620b2eb17b544', '', '', 'STS_620be5e16097b', '', '215', 0),
('COMP_620cd6db92767', 'DES0000123', 123, 0, '', 'CATE_620b2e90874a2', 'MANU_620b2ed054f2b', 'MODL_620b2ea85e235', 'MODLNO_620b2eb17b544', '', '', 'STS_620be5e16097b', '', '245', 0),
('COMP_620cd6dce6a86', 'DES0000124', 124, 0, '', 'CATE_620b2e90874a2', 'MANU_620b2ed054f2b', 'MODL_620b2ea85e235', 'MODLNO_620b2eb17b544', '', '', 'STS_620be5e16097b', '', '120', 0),
('COMP_620cd6de4d0fa', 'DES0000125', 125, 0, '', 'CATE_620b2e90874a2', 'MANU_620b2ed054f2b', 'MODL_620b2ea85e235', 'MODLNO_620b2eb17b544', '', '', 'STS_620be5e16097b', '', '156', 0),
('COMP_620cd6dfbd4c1', 'DES0000126', 126, 0, '', 'CATE_620b2e90874a2', 'MANU_620b2ed054f2b', 'MODL_620b2ea85e235', 'MODLNO_620b2eb17b544', '', '', 'STS_620be5e16097b', '', '48', 0),
('COMP_620cd6e112063', 'DES0000127', 127, 0, '', 'CATE_620b2e90874a2', 'MANU_620b2ed054f2b', 'MODL_620b2ea85e235', 'MODLNO_620b2eb17b544', '', '', 'STS_620be5e16097b', '', '210', 0),
('COMP_620cd6e2739cb', 'DES0000128', 128, 0, '', 'CATE_620b2e90874a2', 'MANU_620b2ed054f2b', 'MODL_620b2ea85e235', 'MODLNO_620b2eb17b544', '', '', 'STS_620be5e16097b', '', '49', 0),
('COMP_620cd6e3b3e4f', 'DES0000129', 129, 0, '', 'CATE_620b2e90874a2', 'MANU_620b2ed054f2b', 'MODL_620b2ea85e235', 'MODLNO_620b2eb17b544', '', '', 'STS_620be5e16097b', '', '1', 0),
('COMP_620cd6e51e9e9', 'DES0000130', 130, 0, '', 'CATE_620b2e90874a2', 'MANU_620b2ed054f2b', 'MODL_620b2ea85e235', 'MODLNO_620b2eb17b544', '', '', 'STS_620be5e16097b', '', '11', 0),
('COMP_620cd6e667806', 'DES0000131', 131, 0, '', 'CATE_620b2e90874a2', 'MANU_620b2ed054f2b', 'MODL_620b2ea85e235', 'MODLNO_620b2eb17b544', '', '', 'STS_620be5e16097b', '', '55', 0),
('COMP_620cd6e7c8efb', 'DES0000132', 132, 0, '', 'CATE_620b2e90874a2', 'MANU_620b2ed054f2b', 'MODL_620b2ea85e235', 'MODLNO_620b2eb17b544', '', '', 'STS_620be5e16097b', '', '80', 0),
('COMP_620cd6e9f232b', 'DES0000133', 133, 0, '', 'CATE_620b2e90874a2', 'MANU_620b2ed054f2b', 'MODL_620b2ea85e235', 'MODLNO_620b2eb17b544', '', '', 'STS_620be5e16097b', '', '96', 0),
('COMP_620cd6eb4d2d6', 'DES0000134', 134, 0, '', 'CATE_620b2e90874a2', 'MANU_620b2ed054f2b', 'MODL_620b2ea85e235', 'MODLNO_620b2eb17b544', '', '', 'STS_620be5e16097b', '', '107', 0),
('COMP_620cd6f777645', 'DES0000135', 135, 0, '', 'CATE_620b2e90874a2', 'MANU_620b2ed054f2b', 'MODL_620b2ea85e235', 'MODLNO_620b2eb17b544', '', '', 'STS_620be5e16097b', '', '153', 0),
('COMP_620cd6f8de3d5', 'DES0000136', 136, 0, '', 'CATE_620b2e90874a2', 'MANU_620b2ed054f2b', 'MODL_620b2ea85e235', 'MODLNO_620b2eb17b544', '', '', 'STS_620be5e16097b', '', '235', 0),
('COMP_620cd6fa33989', 'DES0000137', 137, 0, '', 'CATE_620b2e90874a2', 'MANU_620b2ed054f2b', 'MODL_620b2ea85e235', 'MODLNO_620b2eb17b544', '', '', 'STS_620be5e16097b', '', '189', 0),
('COMP_620cd6fb66fe0', 'DES0000138', 138, 0, '', 'CATE_620b2e90874a2', 'MANU_620b2ed054f2b', 'MODL_620b2ea85e235', 'MODLNO_620b2eb17b544', '', '', 'STS_620be5e16097b', '', '2', 0),
('COMP_620cd6fc958a5', 'DES0000139', 139, 0, '', 'CATE_620b2e90874a2', 'MANU_620b2ed054f2b', 'MODL_620b2ea85e235', 'MODLNO_620b2eb17b544', '', '', 'STS_620be5e16097b', '', '19', 0),
('COMP_620cd6fde0ecf', 'DES0000140', 140, 0, '', 'CATE_620b2e90874a2', 'MANU_620b2ed054f2b', 'MODL_620b2ea85e235', 'MODLNO_620b2eb17b544', '', '', 'STS_620be5e16097b', '', '105', 0),
('COMP_620cd7234c283', 'DES0000141', 141, 0, '', 'CATE_620b2e90874a2', 'MANU_620b2ed054f2b', 'MODL_620b2ea85e235', 'MODLNO_620b2eb17b544', '', '', 'STS_620be5e16097b', '', '155', 0),
('COMP_620cd724d0d2e', 'DES0000142', 142, 0, '', 'CATE_620b2e90874a2', 'MANU_620b2ed054f2b', 'MODL_620b2ea85e235', 'MODLNO_620b2eb17b544', '', '', 'STS_620be5e16097b', '', '12', 0),
('COMP_620cd7262f6db', 'DES0000143', 143, 0, '', 'CATE_620b2e90874a2', 'MANU_620b2ed054f2b', 'MODL_620b2ea85e235', 'MODLNO_620b2eb17b544', '', '', 'STS_620be5e16097b', '', '13', 0),
('COMP_620cd7279782a', 'DES0000144', 144, 0, '', 'CATE_620b2e90874a2', 'MANU_620b2ed054f2b', 'MODL_620b2ea85e235', 'MODLNO_620b2eb17b544', '', '', 'STS_620be5e16097b', '', '26', 0),
('COMP_620cd728cb855', 'DES0000145', 145, 0, '', 'CATE_620b2e90874a2', 'MANU_620b2ed054f2b', 'MODL_620b2ea85e235', 'MODLNO_620b2eb17b544', '', '', 'STS_620be5e16097b', '', '256', 0),
('COMP_620cd72a1156e', 'DES0000146', 146, 0, '', 'CATE_620b2e90874a2', 'MANU_620b2ed054f2b', 'MODL_620b2ea85e235', 'MODLNO_620b2eb17b544', '', '', 'STS_620be5e16097b', '', '256', 0),
('COMP_620cd72bbc8b7', 'DES0000147', 147, 0, '', 'CATE_620b2e90874a2', 'MANU_620b2ed054f2b', 'MODL_620b2ea85e235', 'MODLNO_620b2eb17b544', '', '', 'STS_620be5e16097b', '', '33', 0),
('COMP_620cd72d29472', 'DES0000148', 148, 0, '', 'CATE_620b2e90874a2', 'MANU_620b2ed054f2b', 'MODL_620b2ea85e235', 'MODLNO_620b2eb17b544', '', '', 'STS_620be5e16097b', '', '45', 0),
('COMP_620cd72e72f13', 'DES0000149', 149, 0, '', 'CATE_620b2e90874a2', 'MANU_620b2ed054f2b', 'MODL_620b2ea85e235', 'MODLNO_620b2eb17b544', '', '', 'STS_620be5e16097b', '', '51', 0),
('COMP_620cd72fea6bd', 'DES0000150', 150, 0, '', 'CATE_620b2e90874a2', 'MANU_620b2ed054f2b', 'MODL_620b2ea85e235', 'MODLNO_620b2eb17b544', '', '', 'STS_620be5e16097b', '', '54', 0),
('COMP_620cd73172224', 'DES0000151', 151, 0, '', 'CATE_620b2e90874a2', 'MANU_620b2ed054f2b', 'MODL_620b2ea85e235', 'MODLNO_620b2eb17b544', '', '', 'STS_620be5e16097b', '', '60', 0),
('COMP_620cd7331febd', 'DES0000152', 152, 0, '', 'CATE_620b2e90874a2', 'MANU_620b2ed054f2b', 'MODL_620b2ea85e235', 'MODLNO_620b2eb17b544', '', '', 'STS_620be5e16097b', '', '62', 0),
('COMP_620cd7347204e', 'DES0000153', 153, 0, '', 'CATE_620b2e90874a2', 'MANU_620b2ed054f2b', 'MODL_620b2ea85e235', 'MODLNO_620b2eb17b544', '', '', 'STS_620be5e16097b', '', '82', 0),
('COMP_620cd735d341c', 'DES0000154', 154, 0, '', 'CATE_620b2e90874a2', 'MANU_620b2ed054f2b', 'MODL_620b2ea85e235', 'MODLNO_620b2eb17b544', '', '', 'STS_620be5e16097b', '', '100', 0),
('COMP_620cd7375e1ec', 'DES0000155', 155, 0, '', 'CATE_620b2e90874a2', 'MANU_620b2ed054f2b', 'MODL_620b2ea85e235', 'MODLNO_620b2eb17b544', '', '', 'STS_620be5e16097b', '', '103', 0),
('COMP_620cd7394c5e3', 'DES0000156', 156, 0, '', 'CATE_620b2e90874a2', 'MANU_620b2ed054f2b', 'MODL_620b2ea85e235', 'MODLNO_620b2eb17b544', '', '', 'STS_620be5e16097b', '', '104', 0),
('COMP_620cd73b64f10', 'DES0000157', 157, 0, '', 'CATE_620b2e90874a2', 'MANU_620b2ed054f2b', 'MODL_620b2ea85e235', 'MODLNO_620b2eb17b544', '', '', 'STS_620be5e16097b', '', '110', 0),
('COMP_620cd73cbd2eb', 'DES0000158', 158, 0, '', 'CATE_620b2e90874a2', 'MANU_620b2ed054f2b', 'MODL_620b2ea85e235', 'MODLNO_620b2eb17b544', '', '', 'STS_620be5e16097b', '', '113', 0),
('COMP_620cd73e23a6d', 'DES0000159', 159, 0, '', 'CATE_620b2e90874a2', 'MANU_620b2ed054f2b', 'MODL_620b2ea85e235', 'MODLNO_620b2eb17b544', '', '', 'STS_620be5e16097b', '', '125', 0),
('COMP_620cd73f9c958', 'DES0000160', 160, 0, '', 'CATE_620b2e90874a2', 'MANU_620b2ed054f2b', 'MODL_620b2ea85e235', 'MODLNO_620b2eb17b544', '', '', 'STS_620be5e16097b', '', '135', 0),
('COMP_620cd74102d6f', 'DES0000161', 161, 0, '', 'CATE_620b2e90874a2', 'MANU_620b2ed054f2b', 'MODL_620b2ea85e235', 'MODLNO_620b2eb17b544', '', '', 'STS_620be5e16097b', '', '137', 0),
('COMP_620cd742e0b8e', 'DES0000162', 162, 0, '', 'CATE_620b2e90874a2', 'MANU_620b2ed054f2b', 'MODL_620b2ea85e235', 'MODLNO_620b2eb17b544', '', '', 'STS_620be5e16097b', '', '159', 0),
('COMP_620cd74477e5f', 'DES0000163', 163, 0, '', 'CATE_620b2e90874a2', 'MANU_620b2ed054f2b', 'MODL_620b2ea85e235', 'MODLNO_620b2eb17b544', '', '', 'STS_620be5e16097b', '', '163', 0),
('COMP_620cd745e5db0', 'DES0000164', 164, 0, '', 'CATE_620b2e90874a2', 'MANU_620b2ed054f2b', 'MODL_620b2ea85e235', 'MODLNO_620b2eb17b544', '', '', 'STS_620be5e16097b', '', '164', 0),
('COMP_620cd74768530', 'DES0000165', 165, 0, '', 'CATE_620b2e90874a2', 'MANU_620b2ed054f2b', 'MODL_620b2ea85e235', 'MODLNO_620b2eb17b544', '', '', 'STS_620be5e16097b', '', '167', 0),
('COMP_620cd74911caf', 'DES0000166', 166, 0, '', 'CATE_620b2e90874a2', 'MANU_620b2ed054f2b', 'MODL_620b2ea85e235', 'MODLNO_620b2eb17b544', '', '', 'STS_620be5e16097b', '', '176', 0),
('COMP_620cd74a92181', 'DES0000167', 167, 0, '', 'CATE_620b2e90874a2', 'MANU_620b2ed054f2b', 'MODL_620b2ea85e235', 'MODLNO_620b2eb17b544', '', '', 'STS_620be5e16097b', '', '191', 0),
('COMP_620cd77562518', 'DES0000168', 168, 0, '', 'CATE_620b2e90874a2', 'MANU_620b2ed054f2b', 'MODL_620b2ea85e235', 'MODLNO_620b2eb17b544', '', '', 'STS_620be5e16097b', '', '198', 0),
('COMP_620cd776b1b7a', 'DES0000169', 169, 0, '', 'CATE_620b2e90874a2', 'MANU_620b2ed054f2b', 'MODL_620b2ea85e235', 'MODLNO_620b2eb17b544', '', '', 'STS_620be5e16097b', '', '214', 0),
('COMP_620cd7780952a', 'DES0000170', 170, 0, '', 'CATE_620b2e90874a2', 'MANU_620b2ed054f2b', 'MODL_620b2ea85e235', 'MODLNO_620b2eb17b544', '', '', 'STS_620be5e16097b', '', '220', 0),
('COMP_620cd779680a4', 'DES0000171', 171, 0, '', 'CATE_620b2e90874a2', 'MANU_620b2ed054f2b', 'MODL_620b2ea85e235', 'MODLNO_620b2eb17b544', '', '', 'STS_620be5e16097b', '', '224', 0),
('COMP_620cd77ac244a', 'DES0000172', 172, 0, '', 'CATE_620b2e90874a2', 'MANU_620b2ed054f2b', 'MODL_620b2ea85e235', 'MODLNO_620b2eb17b544', '', '', 'STS_620be5e16097b', '', '228', 0),
('COMP_620cd77c846f6', 'DES0000173', 173, 0, '', 'CATE_620b2e90874a2', 'MANU_620b2ed054f2b', 'MODL_620b2ea85e235', 'MODLNO_620b2eb17b544', '', '', 'STS_620be5e16097b', '', '160', 0),
('COMP_620cedfd80bda', 'LAP0000142', 142, 1, 'INV_620cedfd797b9', 'CATE_6206a7440b180', 'MANU_62072fbf9470b', 'MODL_621379850c415', 'MODLNO_620cac4b23516', 'BL61RC2', '', 'STS_620be5e16097b', '', '69', 0),
('COMP_620f401fc724e', 'LAP0000143', 143, 3, 'INV_620f401fc1504', 'CATE_6206a7440b180', 'MANU_62072fbf9470b', 'MODL_6213611b3d48a', 'MODLNO_620cab1377c18', '2BQD4B3', '', 'STS_620be5e16097b', '', '37', 0),
('COMP_620f401fccc7d', 'LAP0000144', 144, 3, 'INV_620f401fc1504', 'CATE_6206a7440b180', 'MANU_62072fbf9470b', 'MODL_6213611b3d48a', 'MODLNO_620cab1377c18', '4CQD4B3', '', 'STS_620be5e16097b', '', '260', 0),
('COMP_6214d1cbe3cdc', 'LAP0000012', 12, 0, '', 'CATE_6206a7440b180', 'MANU_62072fbf9470b', 'MODL_6214d1521580f', '', 'GKR26BS', '', 'STS_620be5e16097b', '', '7', 0),
('COMP_6214d25b91681', 'LAP0000013', 13, 0, '', 'CATE_6206a7440b180', 'MANU_62072fbf9470b', 'MODL_6213795ecaf81', '', 'F0W1CQ1', '', 'STS_620be5e16097b', '', '177', 0),
('COMP_6214d2cb678af', 'LAP0000014', 14, 0, '', 'CATE_6206a7440b180', 'MANU_62072fbf9470b', 'MODL_62137a40cea09', '', '5PRRVP1', '', 'STS_620be5e16097b', '', '181', 0),
('COMP_6214d30f9876a', 'LAP0000015', 15, 0, '', 'CATE_6206a7440b180', 'MANU_62072fbf9470b', 'MODL_6213794a611c9', '', 'CKWP4R1', '', 'STS_620be5e16097b', '', '88', 0),
('COMP_6214d34548f4b', 'LAP0000016', 16, 0, '', 'CATE_6206a7440b180', 'MANU_62072fbf9470b', 'MODL_6213791a74f1e', '', 'GFHRWQ1', '', 'STS_620be5e16097b', '', '30', 0),
('COMP_62150768ace19', 'LAP0000017', 17, 0, 'INV_62161a7dbbde8', 'CATE_6206a7440b180', 'MANU_62072fbf9470b', 'MODL_62137a4d709de', '', 'J2VCMV1', '', 'STS_620be5e16097b', '', '227', 0),
('COMP_621507ba52c85', 'LAP0000018', 18, 0, '', 'CATE_6206a7440b180', 'MANU_62072fbf9470b', 'MODL_62137955b0386', '', '11TSXW1', '', 'STS_620be5e16097b', '', '129', 0),
('COMP_621507c46cfc8', 'LAP0000019', 19, 0, 'INV_62161a2b3196f', 'CATE_6206a7440b180', 'MANU_62072fbf9470b', 'MODL_621379239e0d5', '', 'D8YQYX1', '', 'STS_620be5e16097b', '', '161', 0),
('COMP_621507c678496', 'LAP0000020', 20, 0, '', 'CATE_6206a7440b180', 'MANU_62072fbf9470b', 'MODL_6213796868340', '', 'C62XRY1', '', 'STS_620be5e16097b', '', '140', 0),
('COMP_621507c886c8a', 'LAP0000021', 21, 0, '', 'CATE_6206a7440b180', 'MANU_62072fbf9470b', 'MODL_6213615232570', '', 'JPP6502', '', 'STS_620be5e16097b', '', '22', 0),
('COMP_621507c9dd610', 'LAP0000022', 22, 0, 'INV_621600aebc897', 'CATE_6206a7440b180', 'MANU_62072fbf9470b', 'MODL_6213792c9c26d', '', '7GRZS02', '', 'STS_620be5e16097b', '', '230', 0),
('COMP_621507cb649df', 'LAP0000023', 23, 0, 'INV_6216008a868f8', 'CATE_6206a7440b180', 'MANU_62072fbf9470b', 'MODL_6213615232570', '', '88S8502', '', 'STS_620be5e16097b', '', '141', 0),
('COMP_621507ccb071e', 'LAP0000024', 24, 0, 'INV_621600595423f', 'CATE_6206a7440b180', 'MANU_62072fbf9470b', 'MODL_621378fc9547d', '', '5CNBG32', '', 'STS_620be5e16097b', '', '68', 0),
('COMP_621507ce09814', 'LAP0000025', 25, 0, 'INV_6215ffb3779b7', 'CATE_6206a7440b180', 'MANU_62072fbf9470b', 'MODL_62137a37cadfc', '', '14K1912', '', 'STS_620be5e16097b', '', '247', 0),
('COMP_621507cf9f6b6', 'LAP0000026', 26, 0, 'INV_6215ff48896d0', 'CATE_6206a7440b180', 'MANU_62072fbf9470b', 'MODL_621379061aee4', '', 'B7ZPH32', '', 'STS_620be5e16097b', '', '146', 0),
('COMP_621507d0f3991', 'LAP0000027', 27, 0, 'INV_6215ff1653595', 'CATE_6206a7440b180', 'MANU_62072fbf9470b', 'MODL_621379dac4eda', '', '1TDTN32', '', '', '', '0', 0),
('COMP_621507d29d876', 'LAP0000028', 28, 0, 'INV_6215febef164e', 'CATE_6206a7440b180', 'MANU_62072fbf9470b', 'MODL_621379dac4eda', '', 'GXRRM32', '', 'STS_620be5e16097b', '', '225', 0),
('COMP_621507d5c75a9', 'LAP0000029', 29, 0, 'INV_6215fe36d0549', 'CATE_6206a7440b180', 'MANU_62072fbf9470b', 'MODL_621378fc9547d', '', 'DXNM542', '', 'STS_620be5e16097b', '', '158', 0),
('COMP_621507d74f34c', 'LAP0000030', 30, 0, 'INV_6215fde6cdf01', 'CATE_6206a7440b180', 'MANU_62072fbf9470b', 'MODL_621361256407a', '', 'HVT1042', '', 'STS_620be5e16097b', '', '111', 0),
('COMP_621507e471f8f', 'LAP0000031', 31, 0, 'INV_6215fd956ed42', 'CATE_6206a7440b180', 'MANU_62072fbf9470b', 'MODL_621361256407a', '', 'BGN1042', '', 'STS_620be5e16097b', '', '108', 0),
('COMP_621507e5f1fde', 'LAP0000032', 32, 0, '', 'CATE_6206a7440b180', 'MANU_62072fbf9470b', 'MODL_621379111d89e', '', '66NJL72', '', 'STS_620be5e16097b', '', '32', 0),
('COMP_621507e75db69', 'LAP0000033', 33, 0, 'INV_6215fd50d6a74', 'CATE_6206a7440b180', 'MANU_62072fbf9470b', 'MODL_621379850c415', '', 'DTW1N72', '', 'STS_620be5e16097b', '', '95', 0),
('COMP_621507e89d191', 'LAP0000034', 34, 0, '', 'CATE_6206a7440b180', 'MANU_620ca9c9107c8', 'MODL_6213605f19693', '', 'CND0263KMM', '', 'STS_620be5e16097b', '', '126', 0),
('COMP_621507ea47955', 'LAP0000035', 35, 0, 'INV_6215fd06b0182', 'CATE_6206a7440b180', 'MANU_62072fbf9470b', 'MODL_6213615be3166', '', 'H6TJG22', '', 'STS_620be5e16097b', '', '127', 0),
('COMP_621507ebd712d', 'LAP0000036', 36, 0, 'INV_6215fcae547bf', 'CATE_6206a7440b180', 'MANU_62072fbf9470b', 'MODL_6213615be3166', '', '48TJG22', '', 'STS_620be5e16097b', '', '151', 0),
('COMP_621507ed4a4ec', 'LAP0000037', 37, 0, '', 'CATE_6206a7440b180', 'MANU_62072fbf9470b', 'MODL_621379850c415', '', '1MF6FC2', '', 'STS_620be5e16097b', '', '122', 0),
('COMP_621507eeaf99f', 'LAP0000038', 38, 0, 'INV_6215fc2bf1055', 'CATE_6206a7440b180', 'MANU_62072fbf9470b', 'MODL_621361656df5a', '', '61VFYB2', '', '', '', '0', 0),
('COMP_621507f0f35b5', 'LAP0000039', 39, 0, 'INV_6215fc2bf1055', 'CATE_6206a7440b180', 'MANU_62072fbf9470b', 'MODL_621361656df5a', '', '4ZTFYB2', '', 'STS_620be5e16097b', '', '244', 0),
('COMP_621507f27cd67', 'LAP0000040', 40, 0, 'INV_6215fbebb5d01', 'CATE_6206a7440b180', 'MANU_62072fbf9470b', 'MODL_6213793575f7e', '', 'FCX7LC2', '', '', '', '0', 0),
('COMP_621507f40c266', 'LAP0000041', 41, 0, 'INV_6215fba0e1540', 'CATE_6206a7440b180', 'MANU_62072fbf9470b', 'MODL_6213793575f7e', '', '2ZBNRC2', '', 'STS_620be5e16097b', '', '97', 0),
('COMP_621507f56e756', 'LAP0000042', 42, 0, 'INV_6215fb5e2bd60', 'CATE_6206a7440b180', 'MANU_62072fbf9470b', 'MODL_6213793575f7e', '', '44T7PF2', '', 'STS_620be5e16097b', '', '117', 0),
('COMP_621507f73bfba', 'LAP0000043', 43, 0, 'INV_6215ef065fd57', 'CATE_6206a7440b180', 'MANU_62072fbf9470b', 'MODL_6213612e6560e', '', '8WY9ZB2', '', 'STS_620be5e16097b', '', '183', 0),
('COMP_621507f908c4d', 'LAP0000044', 44, 0, 'INV_6215eecfafc6d', 'CATE_6206a7440b180', 'MANU_62072fbf9470b', 'MODL_6213793575f7e', '', '9SPWVF2', '', 'STS_620be5e16097b', '', '213', 0),
('COMP_621507fb88c91', 'LAP0000045', 45, 0, 'INV_6215ee829ab0b', 'CATE_6206a7440b180', 'MANU_62072fbf9470b', 'MODL_6213793575f7e', '', '1WW41G2', '', 'STS_620be5e16097b', '', '87', 0),
('COMP_621507fe91695', 'LAP0000046', 46, 0, 'INV_6215ee43e0fab', 'CATE_6206a7440b180', 'MANU_62072fbf9470b', 'MODL_6213793575f7e', '', 'D17F4H2', '', 'STS_620be5e16097b', '', '237', 0),
('COMP_621508000cfb3', 'LAP0000047', 47, 0, 'INV_6215ede3e8db7', 'CATE_6206a7440b180', 'MANU_62072fbf9470b', 'MODL_62137997450ac', '', 'HZ1CXW1', '', '', '', '0', 0),
('COMP_62150801bd4fd', 'LAP0000048', 48, 0, 'INV_6215ed6a79e0d', 'CATE_6206a7440b180', 'MANU_62072fbf9470b', 'MODL_621361656df5a', '', '2B0N2F2', '', 'STS_620be5e16097b', '', '53', 0),
('COMP_621508036138a', 'LAP0000049', 49, 0, 'INV_6215ec4b08954', 'CATE_6206a7440b180', 'MANU_62072fbf9470b', 'MODL_621361656df5a', '', '4DCPMJ2', '', '', '', '0', 0),
('COMP_62150804d57cd', 'LAP0000050', 50, 0, 'INV_6215ec4b08954', 'CATE_6206a7440b180', 'MANU_62072fbf9470b', 'MODL_621361656df5a', '', 'JWBPMJ2', '', 'STS_620be5e16097b', '', '16', 0),
('COMP_62150807ccbe0', 'LAP0000051', 51, 0, 'INV_6215ec4b08954', 'CATE_6206a7440b180', 'MANU_62072fbf9470b', 'MODL_621361656df5a', '', 'CWBPMJ2', '', 'STS_620be5e16097b', '', '74', 0),
('COMP_6215080bd06cf', 'LAP0000052', 52, 0, '', 'CATE_6206a7440b180', 'MANU_62072fbf9470b', 'MODL_62136136efa43', '', 'BF309L2', '', 'STS_620be5e16097b', '', '168', 0),
('COMP_6215080d762ae', 'LAP0000053', 53, 0, 'INV_6215eacb4f741', 'CATE_6206a7440b180', 'MANU_62072fbf9470b', 'MODL_621378c52179a', '', 'HL435Q2', '', 'STS_620be5e16097b', '', '172', 0),
('COMP_6215080edcae0', 'LAP0000054', 54, 0, 'INV_6215ea103f4e8', 'CATE_6206a7440b180', 'MANU_62072fbf9470b', 'MODL_621378b8a6501', '', 'B3S1NJ2', '', 'STS_620be5e16097b', '', '179', 0),
('COMP_62150815656a2', 'LAP0000055', 55, 0, 'INV_6215ea103f4e8', 'CATE_6206a7440b180', 'MANU_62072fbf9470b', 'MODL_621378b8a6501', '', '15S1NJ2', '', 'STS_620be5e16097b', '', '34', 0),
('COMP_62150816cab8a', 'LAP0000056', 56, 0, 'INV_6215e95966fc7', 'CATE_6206a7440b180', 'MANU_620ca9c9107c8', 'MODL_621379b5aa833', '', '4CZ1370266', '', '', '', '0', 0),
('COMP_621508181dc5c', 'LAP0000057', 57, 0, 'INV_6215e7f190876', 'CATE_6206a7440b180', 'MANU_62072fbf9470b', 'MODL_6213613f30590', '', 'F3X3YR2', '', 'STS_620be5e16097b', '', '197', 0),
('COMP_6215081979361', 'LAP0000058', 58, 0, 'INV_6215e84040212', 'CATE_6206a7440b180', 'MANU_62072fbf9470b', 'MODL_6213613f30590', '', 'BFSMCQ2', '', 'STS_620be5e16097b', '', '39', 0),
('COMP_6215081ac4756', 'LAP0000059', 59, 0, 'INV_6215e84040212', 'CATE_6206a7440b180', 'MANU_62072fbf9470b', 'MODL_6213613f30590', '', 'BLCKCQ2', '', 'STS_620be5e16097b', '', '92', 0),
('COMP_6215081c33bf9', 'LAP0000060', 60, 0, 'INV_6215e77296950', 'CATE_6206a7440b180', 'MANU_62072fbf9470b', 'MODL_6213613f30590', '', '7VYS9S2', '', 'STS_620be5e16097b', '', '85', 0),
('COMP_6215081d6c406', 'LAP0000061', 61, 0, 'INV_6215e6b5af1f3', 'CATE_6206a7440b180', 'MANU_62072fbf9470b', 'MODL_6213613f30590', '', '5GSMCQ2', '', 'STS_620be5e16097b', '', '67', 0),
('COMP_6215081ecbf1c', 'LAP0000062', 62, 0, 'INV_6215e5a1e78a6', 'CATE_6206a7440b180', 'MANU_62072fbf9470b', 'MODL_6213613f30590', '', '826HCQ2', '', 'STS_620be5e16097b', '', '81', 0),
('COMP_6215082032a5d', 'LAP0000063', 63, 0, 'INV_6215dfd88679e', 'CATE_6206a7440b180', 'MANU_62072fbf9470b', 'MODL_6213613f30590', '', '3269XS2', '', 'STS_620be5e16097b', '', '203', 0),
('COMP_621508219b175', 'LAP0000064', 64, 0, 'INV_6215dd9c3df09', 'CATE_6206a7440b180', 'MANU_62072fbf9470b', 'MODL_6213613f30590', '', '503T9S2', '', 'STS_620be5e16097b', '', '174', 0),
('COMP_621508259b3bb', 'LAP0000065', 65, 0, 'INV_6215dd13c95aa', 'CATE_6206a7440b180', 'MANU_62072fbf9470b', 'MODL_621378d883e03', '', 'BPWSLQ2', '', 'STS_620be5e16097b', '', '142', 0),
('COMP_62150826d6118', 'LAP0000066', 66, 0, '', 'CATE_6206a7440b180', 'MANU_62072fbf9470b', 'MODL_621378e183f20', '', '99D9SQ2', '', 'STS_620be5e16097b', '', '144', 0),
('COMP_6215082854689', 'LAP0000067', 67, 0, 'INV_6215dc6c9a57e', 'CATE_6206a7440b180', 'MANU_62072fbf9470b', 'MODL_62137973e6183', '', 'FPYH622', '', '', '', '0', 1),
('COMP_62150829aca3c', 'LAP0000068', 68, 0, 'INV_6215dc6c9a57e', 'CATE_6206a7440b180', 'MANU_62072fbf9470b', 'MODL_62137973e6183', '', 'HKWY022', '', 'STS_620be5e16097b', '', '29', 0),
('COMP_6215082b4cc53', 'LAP0000069', 69, 0, 'INV_6215dbe1eb8c5', 'CATE_6206a7440b180', 'MANU_62072fbf9470b', 'MODL_62137973e6183', '', '14DR022', '', 'STS_620be5e16097b', '', '239', 0),
('COMP_6215082cacf1f', 'LAP0000070', 70, 0, 'INV_6215db72a082c', 'CATE_6206a7440b180', 'MANU_62072fbf9470b', 'MODL_621378f375f13', '', '54GKNH2', '', 'STS_620be5e16097b', '', '9', 0),
('COMP_6215082f57c8a', 'LAP0000071', 71, 0, 'INV_6215db72a082c', 'CATE_6206a7440b180', 'MANU_62072fbf9470b', 'MODL_621378f375f13', '', 'BB4QJM2', '', 'STS_620be5e16097b', '', '257', 0),
('COMP_62150830d5ed0', 'LAP0000072', 72, 0, 'INV_6215db0941fb6', 'CATE_6206a7440b180', 'MANU_62072fbf9470b', 'MODL_621378d883e03', '', '6FVRRQ2', '', 'STS_620be5e16097b', '', '84', 0),
('COMP_621508323b00f', 'LAP0000073', 73, 0, 'INV_6215da5518022', 'CATE_6206a7440b180', 'MANU_62072fbf9470b', 'MODL_621379850c415', '', '8D5L7H2', '', 'STS_620be5e16097b', '', '154', 0),
('COMP_6215083398a03', 'LAP0000074', 74, 0, 'INV_6215da5518022', 'CATE_6206a7440b180', 'MANU_62072fbf9470b', 'MODL_621379850c415', '', 'C7MF4H2', '', 'STS_620be5e16097b', '', '123', 0),
('COMP_621508351e9cc', 'LAP0000075', 75, 0, 'INV_6215da5518022', 'CATE_6206a7440b180', 'MANU_62072fbf9470b', 'MODL_621379850c415', '', 'JDFQ6H2', '', '', '', '0', 0),
('COMP_6215083691b95', 'LAP0000076', 76, 0, 'INV_6215da5518022', 'CATE_6206a7440b180', 'MANU_62072fbf9470b', 'MODL_621379850c415', '', '76VJ7H2', '', 'STS_620be5e16097b', '', '188', 0),
('COMP_621508381e980', 'LAP0000077', 77, 0, 'INV_6215da06d5c1c', 'CATE_6206a7440b180', 'MANU_620ca9b8befe2', 'MODL_621379fe04b5a', '', 'K1N0CX187401057', '', 'STS_620be5e16097b', '', '121', 0),
('COMP_621508398111e', 'LAP0000078', 78, 0, 'INV_6215d9019667b', 'CATE_6206a7440b180', 'MANU_62072fbf9470b', 'MODL_621378f375f13', '', 'JDWX2M2', '', 'STS_620be5e16097b', '', '130', 0),
('COMP_6215083c38b98', 'LAP0000079', 79, 0, 'INV_6215d9019667b', 'CATE_6206a7440b180', 'MANU_62072fbf9470b', 'MODL_621378f375f13', '', 'B0BMNH2', '', 'STS_620be5e16097b', '', '184', 0),
('COMP_6215083dd825a', 'LAP0000080', 80, 0, 'INV_6215d9019667b', 'CATE_6206a7440b180', 'MANU_62072fbf9470b', 'MODL_621378f375f13', '', '4LLKNH2', '', 'STS_620be5e16097b', '', '149', 0),
('COMP_62150843e3ca5', 'LAP0000081', 81, 0, 'INV_6215d9019667b', 'CATE_6206a7440b180', 'MANU_62072fbf9470b', 'MODL_621378f375f13', '', '8Z9MNH2', '', 'STS_620be5e16097b', '', '238', 0),
('COMP_6215084523801', 'LAP0000082', 82, 0, 'INV_6215d9019667b', 'CATE_6206a7440b180', 'MANU_62072fbf9470b', 'MODL_621378f375f13', '', 'B7BMNH2', '', '', '', '0', 0),
('COMP_6215084680c9d', 'LAP0000083', 83, 0, 'INV_6215d8b6d7c05', 'CATE_6206a7440b180', 'MANU_62072fbf9470b', 'MODL_621379111d89e', '', '46NJL72', '', 'STS_620be5e16097b', '', '25', 0),
('COMP_62150847d1c7c', 'LAP0000084', 84, 0, 'INV_6215d86fed2b6', 'CATE_6206a7440b180', 'MANU_62072fbf9470b', 'MODL_621379111d89e', '', 'DTKSFC2', '', 'STS_620be5e16097b', '', '64', 0),
('COMP_62150849d7d07', 'LAP0000085', 85, 0, 'INV_6215d7ff20543', 'CATE_6206a7440b180', 'MANU_620ca9c9107c8', 'MODL_6213606dbbdf7', '', '5CG6213VQK', '', 'STS_620be5e16097b', '', '128', 0),
('COMP_6215084b411f7', 'LAP0000086', 86, 0, 'INV_6215d71fc4e4a', 'CATE_6206a7440b180', 'MANU_62072fbf9470b', 'MODL_6213797bcc5c7', '', '15XGD72', '', 'STS_620be5e16097b', '', '207', 0),
('COMP_6215084cc734c', 'LAP0000087', 87, 0, 'INV_6215d71fc4e4a', 'CATE_6206a7440b180', 'MANU_62072fbf9470b', 'MODL_6213797bcc5c7', '', '9RYRD72', '', 'STS_620be5e16097b', '', '73', 0),
('COMP_6215084e4c700', 'LAP0000088', 88, 0, 'INV_6215d69ca8016', 'CATE_6206a7440b180', 'MANU_62072fbf9470b', 'MODL_621378cf4cbde', '', 'HQH55Y2', '', 'STS_620be5e16097b', '', '113', 0),
('COMP_6215084fbc553', 'LAP0000089', 89, 0, 'INV_6215d60def173', 'CATE_6206a7440b180', 'MANU_62072fbf9470b', 'MODL_621379bf861da', '', 'D41M733', '', 'STS_620be5e16097b', '', '234', 0),
('COMP_621508512c9ab', 'LAP0000090', 90, 0, 'INV_6215d60def173', 'CATE_6206a7440b180', 'MANU_62072fbf9470b', 'MODL_621379bf861da', '', 'F41K733', '', 'STS_620be5e16097b', '', '4', 0),
('COMP_621508527d1b0', 'LAP0000091', 91, 0, 'INV_6215d590c1033', 'CATE_6206a7440b180', 'MANU_620ca9c9107c8', 'MODL_6213605633057', '', '5CG01101FY', '', 'STS_620be5e16097b', '', '190', 0),
('COMP_62150853e5baf', 'LAP0000092', 92, 0, 'INV_6215d48379fca', 'CATE_6206a7440b180', 'MANU_620ca9b8befe2', 'MODL_621379a9c0e40', '', 'KAN0CV02Z585417', '', '', '', '0', 0),
('COMP_62150855698e1', 'LAP0000093', 93, 0, 'INV_6215d48379fca', 'CATE_6206a7440b180', 'MANU_620ca9b8befe2', 'MODL_621379a9c0e40', '', 'KAN0CV02Z501413', '', '', '', '0', 0),
('COMP_62150857805a2', 'LAP0000094', 94, 0, 'INV_6215d48379fca', 'CATE_6206a7440b180', 'MANU_620ca9b8befe2', 'MODL_621379a9c0e40', '', 'KAN0CV02Z593419', '', '', '', '0', 0),
('COMP_621508590766f', 'LAP0000095', 95, 0, 'INV_6215d48379fca', 'CATE_6206a7440b180', 'MANU_620ca9b8befe2', 'MODL_621379a9c0e40', '', 'KAN0CV030031418', '', '', '', '0', 0),
('COMP_6215085a5dab1', 'LAP0000096', 96, 0, 'INV_6215d48379fca', 'CATE_6206a7440b180', 'MANU_620ca9b8befe2', 'MODL_621379a9c0e40', '', 'KAN0CV030055419', '', '', '', '0', 0),
('COMP_6215085d3d982', 'LAP0000097', 97, 0, 'INV_6215d48379fca', 'CATE_6206a7440b180', 'MANU_620ca9b8befe2', 'MODL_621379a9c0e40', '', 'KAN0CV02Z596413', '', '', '', '0', 0),
('COMP_6215085e8f3c8', 'LAP0000098', 98, 0, 'INV_6215d48379fca', 'CATE_6206a7440b180', 'MANU_620ca9b8befe2', 'MODL_621379a9c0e40', '', 'KAN0CV03004141H', '', '', '', '0', 0),
('COMP_6215086978c8c', 'LAP0000099', 99, 0, 'INV_6215d48379fca', 'CATE_6206a7440b180', 'MANU_620ca9b8befe2', 'MODL_621379a9c0e40', '', 'KAN0CV02Z61841A', '', '', '', '0', 0),
('COMP_6215086b2f51c', 'LAP0000100', 100, 0, 'INV_6215d43d17869', 'CATE_6206a7440b180', 'MANU_62072fbf9470b', 'MODL_6213608516b4e', '', 'F6PSWZ2', '', 'STS_620be5e16097b', '', '243', 0),
('COMP_6215086cd75ce', 'LAP0000101', 101, 0, 'INV_6215d3ecbd4ff', 'CATE_6206a7440b180', 'MANU_620ca9b8befe2', 'MODL_62137a0783a8d', '', 'L3N0CV107281138', '', 'STS_620be5e16097b', '', '3', 0),
('COMP_6215086e609c1', 'LAP0000102', 102, 0, 'INV_6215d0f1e1904', 'CATE_6206a7440b180', 'MANU_62072fbf9470b', 'MODL_6213608516b4e', '', '9LL5ZZ2', '', 'STS_620be5e16097b', '', '98', 0),
('COMP_6215086fad0c7', 'LAP0000103', 103, 0, 'INV_6215d0aba87e1', 'CATE_6206a7440b180', 'MANU_62072fbf9470b', 'MODL_62136112356ca', '', '5Z25203', '', 'STS_620be5e16097b', '', '202', 0),
('COMP_6215087110d9f', 'LAP0000104', 104, 0, 'INV_6215d06523e64', 'CATE_6206a7440b180', 'MANU_62072fbf9470b', 'MODL_62136112356ca', '', '1Z25203', '', 'STS_620be5e16097b', '', '42', 0),
('COMP_6215087280202', 'LAP0000105', 105, 0, 'INV_6215d01cc25ad', 'CATE_6206a7440b180', 'MANU_62072fbf9470b', 'MODL_62136112356ca', '', 'F9CS103', '', 'STS_620be5e16097b', '', '35', 0),
('COMP_6215087416f53', 'LAP0000106', 106, 0, 'INV_6215cfda51530', 'CATE_6206a7440b180', 'MANU_62072fbf9470b', 'MODL_62136112356ca', '', '88R8303', '', 'STS_620be5e16097b', '', '59', 0),
('COMP_621508758b7fa', 'LAP0000107', 107, 0, 'INV_6215cf86a3f85', 'CATE_6206a7440b180', 'MANU_62072fbf9470b', 'MODL_62136112356ca', '', '9XDF503', '', 'STS_620be5e16097b', '', '165', 0);
INSERT INTO `tbl_component` (`component_uid`, `asset_tag`, `assettag_number`, `warranty`, `inv_uid`, `category`, `manufacturer`, `model`, `model_no`, `serialno`, `remarks`, `status_id`, `asset_assign`, `assigned_user`, `is_deleted`) VALUES
('COMP_621508771e81b', 'LAP0000108', 108, 0, 'INV_6215ced70b51a', 'CATE_6206a7440b180', 'MANU_62072fbf9470b', 'MODL_621379c90f1f9', '', '482HBC3', '', 'STS_620be5e16097b', '', '24', 0),
('COMP_621508788cc23', 'LAP0000109', 109, 0, 'INV_6215ce3b09d00', 'CATE_6206a7440b180', 'MANU_62072fbf9470b', 'MODL_62136148808e7', '', 'BZ95Y93', '', 'STS_620be5e16097b', '', '173', 0),
('COMP_62150879d68cc', 'LAP0000110', 110, 0, 'INV_6215ce3b09d00', 'CATE_6206a7440b180', 'MANU_62072fbf9470b', 'MODL_62136148808e7', '', '9Z95Y93', '', 'STS_620be5e16097b', '', '43', 0),
('COMP_6215087b289f7', 'LAP0000111', 111, 0, 'INV_6215ce3b09d00', 'CATE_6206a7440b180', 'MANU_62072fbf9470b', 'MODL_62136148808e7', '', 'FZ95Y93', '', 'STS_620be5e16097b', '', '218', 0),
('COMP_6215087ca1d30', 'LAP0000112', 112, 0, 'INV_6215ce3b09d00', 'CATE_6206a7440b180', 'MANU_62072fbf9470b', 'MODL_62136148808e7', '', 'FY95Y93', '', 'STS_620be5e16097b', '', '77', 0),
('COMP_6215087e47b1f', 'LAP0000113', 113, 0, 'INV_6215cdf809b54', 'CATE_6206a7440b180', 'MANU_62072fbf9470b', 'MODL_62136112356ca', '', '5M9WN93', '', 'STS_620be5e16097b', '', '89', 0),
('COMP_62150880ce798', 'LAP0000114', 114, 0, 'INV_6215cd2a7528e', 'CATE_6206a7440b180', 'MANU_62072fbf9470b', 'MODL_62136112356ca', '', '9NQZS93', '', 'STS_620be5e16097b', '', '258', 0),
('COMP_621508829e496', 'LAP0000115', 115, 0, 'INV_6215cc0d3188e', 'CATE_6206a7440b180', 'MANU_62072fbf9470b', 'MODL_62136112356ca', '', '7HWFT93', '', 'STS_620be5e16097b', '', '138', 0),
('COMP_6215088b0804a', 'LAP0000116', 116, 0, 'INV_6215cc0d3188e', 'CATE_6206a7440b180', 'MANU_62072fbf9470b', 'MODL_62136112356ca', '', '3GWFT93', '', 'STS_620be5e16097b', '', '147', 0),
('COMP_6215088ca21e7', 'LAP0000117', 117, 0, 'INV_6215cc0d3188e', 'CATE_6206a7440b180', 'MANU_62072fbf9470b', 'MODL_62136112356ca', '', '5GWFT93', '', 'STS_620be5e16097b', '', '93', 0),
('COMP_6215088e2021c', 'LAP0000118', 118, 0, 'INV_6215cc0d3188e', 'CATE_6206a7440b180', 'MANU_62072fbf9470b', 'MODL_62136112356ca', '', '1FWFT93', '', 'STS_620be5e16097b', '', '233', 0),
('COMP_6215088f7cfdd', 'LAP0000119', 119, 0, 'INV_6215cc0d3188e', 'CATE_6206a7440b180', 'MANU_62072fbf9470b', 'MODL_62136112356ca', '', 'HHWFT93', '', 'STS_620be5e16097b', '', '143', 0),
('COMP_621508912205f', 'LAP0000120', 120, 0, 'INV_6215cb4f1d78b', 'CATE_6206a7440b180', 'MANU_62072fbf9470b', 'MODL_62136112356ca', '', 'GFWFT93', '', 'STS_620be5e16097b', '', '131', 0),
('COMP_6215089298761', 'LAP0000121', 121, 0, 'INV_6215cb4f1d78b', 'CATE_6206a7440b180', 'MANU_62072fbf9470b', 'MODL_62136112356ca', '', '2GWFT93', '', 'STS_620be5e16097b', '', '132', 0),
('COMP_62150893f22d9', 'LAP0000122', 122, 0, 'INV_6215cb4f1d78b', 'CATE_6206a7440b180', 'MANU_62072fbf9470b', 'MODL_62136112356ca', '', '9FWFT93', '', 'STS_620be5e16097b', '', '75', 0),
('COMP_62150895721d6', 'LAP0000123', 123, 0, 'INV_6215cb4f1d78b', 'CATE_6206a7440b180', 'MANU_62072fbf9470b', 'MODL_62136112356ca', '', 'FFWFT93', '', 'STS_620be5e16097b', '', '193', 0),
('COMP_62150896cdeac', 'LAP0000124', 124, 0, 'INV_6215cb4f1d78b', 'CATE_6206a7440b180', 'MANU_62072fbf9470b', 'MODL_62136112356ca', '', 'CHWFT93', '', 'STS_620be5e16097b', '', '44', 0),
('COMP_621508983864f', 'LAP0000125', 125, 0, 'INV_6215cafb1c399', 'CATE_6206a7440b180', 'MANU_62072fbf9470b', 'MODL_6213611b3d48a', '', '4SJHV93', '', 'STS_620be5e16097b', '', '201', 0),
('COMP_62150899ab1ef', 'LAP0000126', 126, 0, 'INV_6215ca99814ff', 'CATE_6206a7440b180', 'MANU_62072fbf9470b', 'MODL_62136112356ca', '', 'DDNJ1B3', '', 'STS_620be5e16097b', '', '6', 0),
('COMP_6215089b231ba', 'LAP0000127', 127, 0, 'INV_6215ca99814ff', 'CATE_6206a7440b180', 'MANU_62072fbf9470b', 'MODL_62136112356ca', '', 'HGNJ1B3', '', 'STS_620be5e16097b', '', '175', 0),
('COMP_6215089d4130d', 'LAP0000128', 128, 0, 'INV_6215ca0f0da59', 'CATE_6206a7440b180', 'MANU_62072fbf9470b', 'MODL_6213611b3d48a', '', '223T4B3', '', 'STS_620be5e16097b', '', '124', 0),
('COMP_6215089eb3f26', 'LAP0000129', 129, 0, 'INV_6215ca0f0da59', 'CATE_6206a7440b180', 'MANU_62072fbf9470b', 'MODL_6213611b3d48a', '', '7FWS4B3', '', 'STS_620be5e16097b', '', '205', 0),
('COMP_621508a0267d5', 'LAP0000130', 130, 0, 'INV_6215ca0f0da59', 'CATE_6206a7440b180', 'MANU_62072fbf9470b', 'MODL_6213611b3d48a', '', '6GWS4B3', '', 'STS_620be5e16097b', '', '134', 0),
('COMP_621508a193a44', 'LAP0000131', 131, 0, 'INV_6215c9687de7d', 'CATE_6206a7440b180', 'MANU_62072fbf9470b', 'MODL_62137a1f91d8e', '', '17LZPH3', '', 'STS_620be5e16097b', '', '241', 0),
('COMP_621508a306816', 'LAP0000132', 132, 0, 'INV_6215c9687de7d', 'CATE_6206a7440b180', 'MANU_62072fbf9470b', 'MODL_62137a1f91d8e', '', '4CLZPH3', '', 'STS_620be5e16097b', '', '78', 0),
('COMP_621508a44d704', 'LAP0000133', 133, 0, 'INV_6215c9687de7d', 'CATE_6206a7440b180', 'MANU_62072fbf9470b', 'MODL_62137a1f91d8e', '', 'G1TYPH3', '', 'STS_620be5e16097b', '', '200', 0),
('COMP_621508a57df75', 'LAP0000134', 134, 0, 'INV_6215c905eecd5', 'CATE_6206a7440b180', 'MANU_62072fbf9470b', 'MODL_621378ea70dbd', '', '3TG23J3', '', 'STS_620be5e16097b', '', '70', 0),
('COMP_621508a71296f', 'LAP0000135', 135, 0, 'INV_6215c8b900221', 'CATE_6206a7440b180', 'MANU_62072fbf9470b', 'MODL_62136112356ca', '', '25KHR93', '', 'STS_620be5e16097b', '', '152', 0),
('COMP_621508a8629f8', 'LAP0000136', 136, 0, 'INV_6215c83b108bf', 'CATE_6206a7440b180', 'MANU_62072fbf9470b', 'MODL_62137a1f91d8e', '', '2Y2ZPH3', '', 'STS_620be5e16097b', '', '182', 0),
('COMP_621508a9b49e3', 'LAP0000137', 137, 0, 'INV_6215c78669d53', 'CATE_6206a7440b180', 'MANU_62072fbf9470b', 'MODL_6213611b3d48a', '', '1ZRDJG3', '', 'STS_620be5e16097b', '', '150', 0),
('COMP_621508ab2d9d6', 'LAP0000138', 138, 0, 'INV_6215c78669d53', 'CATE_6206a7440b180', 'MANU_62072fbf9470b', 'MODL_6213611b3d48a', '', '4XTDJG3', '', 'STS_620be5e16097b', '', '229', 0),
('COMP_621508b4a558a', 'LAP0000139', 139, 0, 'INV_6215c73f8300a', 'CATE_6206a7440b180', 'MANU_62072fbf9470b', 'MODL_6213611b3d48a', '', '3HTDJG3', '', 'STS_620be5e16097b', '', '240', 0),
('COMP_621508b6433d7', 'LAP0000140', 140, 0, 'INV_6215c67d2d307', 'CATE_6206a7440b180', 'MANU_62072fbf9470b', 'MODL_6213611b3d48a', '', 'CPRFTG3', '', 'STS_620be5e16097b', '', '91', 0),
('COMP_621508b7c4da8', 'LAP0000141', 141, 0, 'INV_6215c5d67c713', 'CATE_6206a7440b180', 'MANU_62072fbf9470b', 'MODL_6213611b3d48a', '', '6SK8LG3', '', 'STS_620be5e16097b', '', '79', 0),
('COMP_6215b611c3000', 'LAP0000145', 145, 3, 'INV_6215b611bf328', 'CATE_6206a7440b180', 'MANU_62072fbf9470b', 'MODL_6213611b3d48a', '', '8V6CGG3', '', 'STS_620be5e16097b', '', '65', 0),
('COMP_6215b611caf23', 'LAP0000146', 146, 3, 'INV_6215b611bf328', 'CATE_6206a7440b180', 'MANU_62072fbf9470b', 'MODL_6213611b3d48a', '', 'G98VFG3', '', 'STS_620be5e16097b', 'COMP_6220fc8a3e64b', '23', 0),
('COMP_6220fb0d76f89', 'BAT0000001', 1, 0, 'INV_62209ff1b7cf7', 'CATE_62209f5599d8c', 'MANU_62072fbf9470b', 'MODL_6220a0131487a', '', '-', '', 'STS_62074ed9870a4', '', '0', 0),
('COMP_6220fb2071e61', 'BAT0000002', 2, 0, 'INV_62209ff1b7cf7', 'CATE_62209f5599d8c', 'MANU_62072fbf9470b', 'MODL_6220a08827a6d', '', '-', '', '', '', '0', 0),
('COMP_6220fba48b832', 'PRI0000001', 1, 0, 'INV_6220fba48709c', 'CATE_6220c4f3ecdbe', 'MANU_620ca9c9107c8', 'MODL_6220c5161eb48', '', 'TH09P3G11N', '', '', '', '0', 0),
('COMP_6220fc192f759', 'BAT0000003', 3, 0, 'INV_6220fc192cf58', 'CATE_62209f5599d8c', 'MANU_62072fbf9470b', 'MODL_6220a0131487a', '', '', '', '', '', '0', 0),
('COMP_6220fc339039a', 'BAT0000004', 4, 0, 'INV_6220fc192cf58', 'CATE_62209f5599d8c', 'MANU_62072fbf9470b', 'MODL_6220c6213d663', '', '', '', '', '', '0', 0),
('COMP_6220fc8a366c5', 'KBM0000001', 1, 0, 'INV_6220fc8a33152', 'CATE_6220cbace7716', 'MANU_62207227a97cb', '', '', '2014SY0887P9', '', '', '', '0', 0),
('COMP_6220fc8a384ad', 'KBM0000002', 2, 0, 'INV_6220fc8a33152', 'CATE_6220cbace7716', 'MANU_62207227a97cb', '', '', '2014SY0887D9', '', '', '', '0', 0),
('COMP_6220fc8a3a528', 'KBM0000003', 3, 0, 'INV_6220fc8a33152', 'CATE_6220cbace7716', 'MANU_62207227a97cb', '', '', '2014SY0687J9', '', '', '', '0', 0),
('COMP_6220fc8a3c587', 'KBM0000004', 4, 0, 'INV_6220fc8a33152', 'CATE_6220cbace7716', 'MANU_62207227a97cb', '', '', '2014SY0887F9', '', '', '', '0', 0),
('COMP_6220fc8a3e64b', 'KBM0000005', 5, 0, 'INV_6220fc8a33152', 'CATE_6220cbace7716', 'MANU_62207227a97cb', '', '', '2014SY0887G9', '', '', '', '0', 0),
('COMP_6220fd44ae9be', 'MOU0000001', 1, 0, 'INV_6220fc8a33152', 'CATE_620a3a9de75a8', 'MANU_62207227a97cb', '', '', '210BHS0512V9', '', '', '', '0', 0),
('COMP_6220fd44b1d79', 'MOU0000002', 2, 0, 'INV_6220fc8a33152', 'CATE_620a3a9de75a8', 'MANU_62207227a97cb', '', '', '210BHS0H9H9', '', '', '', '0', 0),
('COMP_6220fd44b3c82', 'MOU0000003', 3, 0, 'INV_6220fc8a33152', 'CATE_620a3a9de75a8', 'MANU_62207227a97cb', '', '', '218HS051H99', '', '', '', '0', 0),
('COMP_6220fd44b5d4d', 'MOU0000004', 4, 0, 'INV_6220fc8a33152', 'CATE_620a3a9de75a8', 'MANU_62207227a97cb', '', '', '218HS0519R9', '', '', '', '0', 0),
('COMP_6220fd44b7d98', 'MOU0000005', 5, 0, 'INV_6220fc8a33152', 'CATE_620a3a9de75a8', 'MANU_62207227a97cb', '', '', '218HS051W19', '', '', '', '0', 0),
('COMP_6220fee5561b7', 'MOT0000001', 1, 0, 'INV_6220fee55204b', 'CATE_6220c8765fd4e', 'MANU_6220c8428abbd', 'MODL_6220fe5fc1f5b', '', '210460102398', '', '', '', '0', 0),
('COMP_6220fee557fc1', 'MOT0000002', 2, 0, 'INV_6220fee55204b', 'CATE_6220c8765fd4e', 'MANU_6220c8428abbd', 'MODL_6220fe5fc1f5b', '', '210460102397', '', '', '', '0', 0),
('COMP_6220ff47c15c5', 'HAR0000001', 1, 0, 'INV_6220fee55204b', 'CATE_6220c8889164a', 'MANU_6220c84f5ffba', 'MODL_6220c830cda5a', '', '21005310020500B', '', '', '', '0', 0),
('COMP_6220ff47c81b9', 'HAR0000002', 2, 0, 'INV_6220fee55204b', 'CATE_6220c8889164a', 'MANU_6220c84f5ffba', 'MODL_6220c830cda5a', '', '21005310020431B', '', '', '', '0', 0),
('COMP_6220ffa1d0d61', 'WIF0000001', 1, 0, 'INV_6220ffa1ce1ef', 'CATE_6220c965e4996', 'MANU_6220c97748554', '', '', '-', '', '', '', '0', 0),
('COMP_6220ffa1d2b07', 'WIF0000002', 2, 0, 'INV_6220ffa1ce1ef', 'CATE_6220c965e4996', 'MANU_6220c97748554', '', '', '-', '', '', '', '0', 0),
('COMP_6221929de8da3', 'BAT0000005', 5, 0, 'INV_6221929dddd22', 'CATE_62209f5599d8c', 'MANU_62072fbf9470b', 'MODL_6220a0131487a', '', '-', '', '', '', '0', 0),
('COMP_6221933fab8a3', 'DES0000174', 174, 0, 'INV_6221933fa6db5', 'CATE_620b2e90874a2', 'MANU_62072fbf9470b', '', '', 'H00DH73', '', '', '', '0', 0),
('COMP_62219435567e6', 'DOC0000001', 1, 0, 'INV_62219435516bf', 'CATE_6220caea7a131', 'MANU_62072fbf9470b', 'MODL_6220cafe1b471', '', '6CSKG33', '', '', '', '0', 0),
('COMP_622194cecb2e8', 'HEA0000001', 1, 0, 'INV_622194cec5d67', 'CATE_6220cb80e1f3c', 'MANU_62207227a97cb', 'MODL_6220cc33e0288', '', '', '', '', '', '0', 0),
('COMP_622194cecd0e1', 'HEA0000002', 2, 0, 'INV_622194cec5d67', 'CATE_6220cb80e1f3c', 'MANU_62207227a97cb', 'MODL_6220cc33e0288', '', '', '', '', '', '0', 0),
('COMP_622194cecf199', 'HEA0000003', 3, 0, 'INV_622194cec5d67', 'CATE_6220cb80e1f3c', 'MANU_62207227a97cb', 'MODL_6220cc33e0288', '', '', '', '', '', '0', 0),
('COMP_622194ced113c', 'HEA0000004', 4, 0, 'INV_622194cec5d67', 'CATE_6220cb80e1f3c', 'MANU_62207227a97cb', 'MODL_6220cc33e0288', '', '', '', '', '', '0', 0),
('COMP_622194ced3259', 'HEA0000005', 5, 0, 'INV_622194cec5d67', 'CATE_6220cb80e1f3c', 'MANU_62207227a97cb', 'MODL_6220cc33e0288', '', '', '', '', '', '0', 0),
('COMP_622194ff942bf', 'KBM0000006', 6, 0, 'INV_622194cec5d67', 'CATE_6220cbace7716', 'MANU_62207227a97cb', '', '', '', '', '', '', '0', 0),
('COMP_622194ff98460', 'KBM0000007', 7, 0, 'INV_622194cec5d67', 'CATE_6220cbace7716', 'MANU_62207227a97cb', '', '', '', '', '', '', '0', 0),
('COMP_622194ff9a4c3', 'KBM0000008', 8, 0, 'INV_622194cec5d67', 'CATE_6220cbace7716', 'MANU_62207227a97cb', '', '', '', '', '', '', '0', 0),
('COMP_622194ff9c511', 'KBM0000009', 9, 0, 'INV_622194cec5d67', 'CATE_6220cbace7716', 'MANU_62207227a97cb', '', '', '', '', '', '', '0', 0),
('COMP_622194ff9e67b', 'KBM0000010', 10, 0, 'INV_622194cec5d67', 'CATE_6220cbace7716', 'MANU_62207227a97cb', '', '', '', '', '', '', '0', 0),
('COMP_622194ffa064b', 'KBM0000011', 11, 0, 'INV_622194cec5d67', 'CATE_6220cbace7716', 'MANU_62207227a97cb', '', '', '', '', '', '', '0', 0),
('COMP_622194ffa26e1', 'KBM0000012', 12, 0, 'INV_622194cec5d67', 'CATE_6220cbace7716', 'MANU_62207227a97cb', '', '', '', '', '', '', '0', 0),
('COMP_622194ffa476a', 'KBM0000013', 13, 0, 'INV_622194cec5d67', 'CATE_6220cbace7716', 'MANU_62207227a97cb', '', '', '', '', '', '', '0', 0),
('COMP_622194ffa68ab', 'KBM0000014', 14, 0, 'INV_622194cec5d67', 'CATE_6220cbace7716', 'MANU_62207227a97cb', '', '', '', '', '', '', '0', 0),
('COMP_622194ffa8867', 'KBM0000015', 15, 0, 'INV_622194cec5d67', 'CATE_6220cbace7716', 'MANU_62207227a97cb', '', '', '', '', '', '', '0', 0),
('COMP_62219571cf2f9', 'BAT0000006', 6, 0, 'INV_62219571cb9d0', 'CATE_62209f5599d8c', 'MANU_62072fbf9470b', 'MODL_6220ccd9e7e2b', '', '', '', '', '', '0', 0),
('COMP_6221958b2063a', 'BAT0000007', 7, 0, 'INV_62219571cb9d0', 'CATE_62209f5599d8c', 'MANU_62072fbf9470b', 'MODL_6220c6213d663', '', '', '', '', '', '0', 0),
('COMP_622195a6d3da1', 'BAT0000008', 8, 0, 'INV_62219571cb9d0', 'CATE_62209f5599d8c', 'MANU_62072fbf9470b', 'MODL_6220ccf610f22', '', '', '', '', '', '0', 0),
('COMP_622195c3d1a9c', 'HDM0000001', 1, 0, 'INV_62219571cb9d0', 'CATE_6220cd096248d', '', '', '', '', '', '', '', '0', 0),
('COMP_622195c3d5ca5', 'HDM0000002', 2, 0, 'INV_62219571cb9d0', 'CATE_6220cd096248d', '', '', '', '', '', '', '', '0', 0),
('COMP_622195c3d7cf5', 'HDM0000003', 3, 0, 'INV_62219571cb9d0', 'CATE_6220cd096248d', '', '', '', '', '', '', '', '0', 0),
('COMP_622195c3daf9a', 'HDM0000004', 4, 0, 'INV_62219571cb9d0', 'CATE_6220cd096248d', '', '', '', '', '', '', '', '0', 0),
('COMP_622195c3dcfd8', 'HDM0000005', 5, 0, 'INV_62219571cb9d0', 'CATE_6220cd096248d', '', '', '', '', '', '', '', '0', 0),
('COMP_622196c9ceb67', 'MON0000001', 1, 0, 'INV_622196c9cbd62', 'CATE_620cd7dc40fde', '', 'MODL_6220cdfa9c805', '', 'CN03HYDJFCC000C2A1DL', '', '', '', '0', 0),
('COMP_6221977e042e1', 'MON0000002', 2, 0, 'INV_6221977df3b67', 'CATE_620cd7dc40fde', 'MANU_62072fbf9470b', 'MODL_6220cdfa9c805', '', 'CN03HYDJFCC001MC30L', '', '', '', '0', 0),
('COMP_6221977e060d8', 'MON0000003', 3, 0, 'INV_6221977df3b67', 'CATE_620cd7dc40fde', 'MANU_62072fbf9470b', 'MODL_6220cdfa9c805', '', 'CN03HYDJFCC0011MC2UL', '', '', '', '0', 0),
('COMP_6221977e08162', 'MON0000004', 4, 0, 'INV_6221977df3b67', 'CATE_620cd7dc40fde', 'MANU_62072fbf9470b', 'MODL_6220cdfa9c805', '', 'CN03HYDJFCC0011MD1UL', '', '', '', '0', 0),
('COMP_6221977e0a250', 'MON0000005', 5, 0, 'INV_6221977df3b67', 'CATE_620cd7dc40fde', 'MANU_62072fbf9470b', 'MODL_6220cdfa9c805', '', 'CN03HYDJFCC000BNA47L', '', '', '', '0', 0),
('COMP_6221977e0c2b7', 'MON0000006', 6, 0, 'INV_6221977df3b67', 'CATE_620cd7dc40fde', 'MANU_62072fbf9470b', 'MODL_6220cdfa9c805', '', 'CN03HYDJFCC00074ADNL', '', '', '', '0', 0),
('COMP_6221977e0e3bf', 'MON0000007', 7, 0, 'INV_6221977df3b67', 'CATE_620cd7dc40fde', 'MANU_62072fbf9470b', 'MODL_6220cdfa9c805', '', 'CN03HYDJFCC000C2CBWL', '', '', '', '0', 0),
('COMP_6221977e10441', 'MON0000008', 8, 0, 'INV_6221977df3b67', 'CATE_620cd7dc40fde', 'MANU_62072fbf9470b', 'MODL_6220cdfa9c805', '', 'CN03HYDJFCC001MCY8L', '', '', '', '0', 0),
('COMP_622197e161eab', 'PRI0000002', 2, 0, 'INV_622197e15dcfc', 'CATE_6220c4f3ecdbe', 'MANU_6220ce0ad6e8d', 'MODL_6220ce21664e9', '', 'E73800D1N753598', '', 'STS_620be5e16097b', '', '222', 0),
('COMP_62219855dfb02', 'KBM0000016', 16, 0, 'INV_622196c9cbd62', 'CATE_6220cbace7716', 'MANU_62207227a97cb', '', '', '2105SC33V4S9', '', '', '', '0', 0),
('COMP_62219855e3655', 'KBM0000017', 17, 0, 'INV_622196c9cbd62', 'CATE_6220cbace7716', 'MANU_62207227a97cb', '', '', '2105SC33V5U9', '', '', '', '0', 0),
('COMP_62219855eaeb5', 'KBM0000018', 18, 0, 'INV_622196c9cbd62', 'CATE_6220cbace7716', 'MANU_62207227a97cb', '', '', '2105SC33V5N9', '', '', '', '0', 0),
('COMP_62219855ece64', 'KBM0000019', 19, 0, 'INV_622196c9cbd62', 'CATE_6220cbace7716', 'MANU_62207227a97cb', '', '', '2105SC33V4P9', '', '', '', '0', 0),
('COMP_62219855eef2d', 'KBM0000020', 20, 0, 'INV_622196c9cbd62', 'CATE_6220cbace7716', 'MANU_62207227a97cb', '', '', '2105SC33Z0U9', '', '', '', '0', 0),
('COMP_62219855f0f8c', 'KBM0000021', 21, 0, 'INV_622196c9cbd62', 'CATE_6220cbace7716', 'MANU_62207227a97cb', '', '', '2105SC33Z9T9', '', '', '', '0', 0),
('COMP_62219855f2fee', 'KBM0000022', 22, 0, 'INV_622196c9cbd62', 'CATE_6220cbace7716', 'MANU_62207227a97cb', '', '', '2105SC33Z0F9', '', '', '', '0', 0),
('COMP_6221985600e9c', 'KBM0000023', 23, 0, 'INV_622196c9cbd62', 'CATE_6220cbace7716', 'MANU_62207227a97cb', '', '', '2105SC33Z0P9', '', '', '', '0', 0),
('COMP_62219894b4591', 'CAT0000001', 1, 0, 'INV_622196c9cbd62', 'CATE_6220ce92ef5cb', 'MANU_6220ce73ba1e4', '', '', '-', '1 Box', '', '', '0', 0),
('COMP_622198ad0dddf', 'RJ40000001', 1, 0, 'INV_622196c9cbd62', 'CATE_6220ceae1ffec', 'MANU_6220ce73ba1e4', '', '', '-', '1 Box', '', '', '0', 0),
('COMP_622198cac9bda', 'NET0000001', 1, 0, 'INV_622196c9cbd62', 'CATE_6220cece3c4a0', '', '', '', '-', '', '', '', '0', 0),
('COMP_6221998e031ec', 'UPS0000001', 1, 0, 'INV_6221998df37f3', 'CATE_6220d7a8f27ba', 'MANU_6220d79139b5d', 'MODL_6220d7c404812', '', '-', '', '', '', '0', 0),
('COMP_622199b652ac7', 'BAT0000009', 9, 0, 'INV_6221998df37f3', 'CATE_62209f5599d8c', 'MANU_6220d7d4944e5', 'MODL_6220d7f04010e', '', '-', '', '', '', '0', 0),
('COMP_622199b655373', 'BAT0000010', 10, 0, 'INV_6221998df37f3', 'CATE_62209f5599d8c', 'MANU_6220d7d4944e5', 'MODL_6220d7f04010e', '', '-', '', '', '', '0', 0),
('COMP_622199b65ae88', 'BAT0000011', 11, 0, 'INV_6221998df37f3', 'CATE_62209f5599d8c', 'MANU_6220d7d4944e5', 'MODL_6220d7f04010e', '', '-', '', '', '', '0', 0),
('COMP_62219a243c5ec', 'BAT0000012', 12, 0, 'INV_62219a24378ef', 'CATE_62209f5599d8c', 'MANU_62072fbf9470b', 'MODL_6220dd3bb4b17', '', '-', '', '', '', '0', 0),
('COMP_62219a3f62c6b', 'ADA0000001', 1, 0, 'INV_62219a24378ef', 'CATE_6220dd601d3db', 'MANU_62072fbf9470b', '', '', '-', '', 'STS_620be5e16097b', '', '178', 0),
('COMP_62219a56ca724', 'BAG0000001', 1, 0, 'INV_62219a24378ef', 'CATE_6220dd7911475', 'MANU_62072fbf9470b', '', '', '-', '', '', '', '0', 0),
('COMP_62219a56ce9c3', 'BAG0000002', 2, 0, 'INV_62219a24378ef', 'CATE_6220dd7911475', 'MANU_62072fbf9470b', '', '', '-', '', '', '', '0', 0),
('COMP_62219b95a54fd', 'CAM0000001', 1, 0, 'INV_62219b959e0ec', 'CATE_6220de87681e9', 'MANU_6220de71a1dd9', 'MODL_62219b1c6b805', '', '', '', '', '', '0', 0),
('COMP_62219b95a7b64', 'CAM0000002', 2, 0, 'INV_62219b959e0ec', 'CATE_6220de87681e9', 'MANU_6220de71a1dd9', 'MODL_62219b1c6b805', '', '', '', '', '', '0', 0),
('COMP_62219b95a9c1b', 'CAM0000003', 3, 0, 'INV_62219b959e0ec', 'CATE_6220de87681e9', 'MANU_6220de71a1dd9', 'MODL_62219b1c6b805', '', '', '', '', '', '0', 0),
('COMP_62219b95abc93', 'CAM0000004', 4, 0, 'INV_62219b959e0ec', 'CATE_6220de87681e9', 'MANU_6220de71a1dd9', 'MODL_62219b1c6b805', '', '', '', '', '', '0', 0),
('COMP_62219b95adcf6', 'CAM0000005', 5, 0, 'INV_62219b959e0ec', 'CATE_6220de87681e9', 'MANU_6220de71a1dd9', 'MODL_62219b1c6b805', '', '', '', '', '', '0', 0),
('COMP_62219b95afd24', 'CAM0000006', 6, 0, 'INV_62219b959e0ec', 'CATE_6220de87681e9', 'MANU_6220de71a1dd9', 'MODL_62219b1c6b805', '', '', '', '', '', '0', 0),
('COMP_62219b95b1dd4', 'CAM0000007', 7, 0, 'INV_62219b959e0ec', 'CATE_6220de87681e9', 'MANU_6220de71a1dd9', 'MODL_62219b1c6b805', '', '', '', '', '', '0', 0),
('COMP_62219baa9c672', 'CAM0000008', 8, 0, 'INV_62219b959e0ec', 'CATE_6220de87681e9', 'MANU_6220de71a1dd9', 'MODL_62219b27acbf0', '', '', '', '', '', '0', 0),
('COMP_62219bce6c7f8', 'DVR0000001', 1, 0, 'INV_62219b959e0ec', 'CATE_6220de9d5efa7', 'MANU_6220de71a1dd9', '', '', '', '', '', '', '0', 0),
('COMP_62219bed3778e', 'HAR0000003', 3, 0, 'INV_62219b959e0ec', 'CATE_6220c8889164a', 'MANU_6220e89b86955', 'MODL_6220deb221278', '', '-', '', '', '', '0', 0),
('COMP_62219ce4a705f', 'WEB0000001', 1, 0, 'INV_62219ce49ed9d', 'CATE_6220e3bb0fa68', 'MANU_6220de71a1dd9', 'MODL_6220df9f60489', '', '-', '', 'STS_620be5e16097b', '', '96', 0),
('COMP_62219d43b1a2e', 'CHA0000001', 1, 0, 'INV_62219d43ad8bb', 'CATE_6220e03d1f446', '', 'MODL_6220e01dc1e0e', '', '-', '', 'STS_620be5e16097b', '', '66', 0),
('COMP_62219dd1b83d2', 'MOT0000003', 3, 0, 'INV_62219dd1b5212', 'CATE_6220c8765fd4e', 'MANU_620ca9b8befe2', 'MODL_6220e0b982630', '', '-', '', 'STS_620be5e16097b', '', '105', 0),
('COMP_62219dd1ba188', 'MOT0000004', 4, 0, 'INV_62219dd1b5212', 'CATE_6220c8765fd4e', 'MANU_620ca9b8befe2', 'MODL_6220e0b982630', '', '-', '', '', '', '0', 0),
('COMP_62219de8eeda5', 'MOT0000005', 5, 0, 'INV_62219dd1b5212', 'CATE_6220c8765fd4e', 'MANU_620ca9b8befe2', 'MODL_6220e0d143241', '', '', '', 'STS_620be5e16097b', '', '118', 0),
('COMP_62219dfd20465', 'BAT0000013', 13, 0, 'INV_62219dd1b5212', 'CATE_62209f5599d8c', 'MANU_62072fbf9470b', 'MODL_6220e0eb8a533', '', '', '', 'STS_620be5e16097b', 'COMP_620ca92218efa', '83', 0),
('COMP_62219e400a73f', 'HAR0000004', 4, 0, 'INV_62219dd1b5212', 'CATE_6220c8889164a', 'MANU_620ca9c9107c8', 'MODL_6220e1127ed43', '', 'HPSB31290200177', '', '', '', '0', 0),
('COMP_62219e400df72', 'HAR0000005', 5, 0, 'INV_62219dd1b5212', 'CATE_6220c8889164a', 'MANU_620ca9c9107c8', 'MODL_6220e1127ed43', '', 'HPSB31290200178', '', 'STS_620be5e16097b', '', '105', 0),
('COMP_62219ea80b12a', 'BAT0000014', 14, 0, 'INV_62219ea807639', 'CATE_62209f5599d8c', 'MANU_62072fbf9470b', 'MODL_6220c6213d663', '', '', '', 'STS_620be5e16097b', 'COMP_6215084680c9d', '25', 0),
('COMP_62219ebe50722', 'BAT0000015', 15, 0, 'INV_62219ea807639', 'CATE_62209f5599d8c', 'MANU_62072fbf9470b', 'MODL_6220ccd9e7e2b', '', '', '', 'STS_620be5e16097b', 'COMP_6215081979361', '39', 0),
('COMP_62219f11eac51', 'BAT0000016', 16, 0, 'INV_62219f11e7f6a', 'CATE_62209f5599d8c', 'MANU_62072fbf9470b', 'MODL_6220e30c7219b', '', '', '', 'STS_620be5e16097b', 'COMP_6214d34548f4b', '30', 0),
('COMP_62219f25c5278', 'BAT0000017', 17, 0, 'INV_62219f11e7f6a', 'CATE_62209f5599d8c', 'MANU_62072fbf9470b', 'MODL_6220e32e5a9af', '', '', '', 'STS_620be5e16097b', 'COMP_62150768ace19', '227', 0),
('COMP_62219f9481fdb', 'WIF0000001', 1, 0, 'INV_62219f9479e8f', 'CATE_6220e474e3f85', 'MANU_6220e4a008097', '', '', '', '', 'STS_620be5e16097b', '', '178', 0),
('COMP_62219fa6a5971', 'WIF0000002', 2, 0, 'INV_62219f9479e8f', 'CATE_6220e474e3f85', 'MANU_6220e4ae0be21', '', '', '', '', '', '', '0', 0),
('COMP_62219fc244196', 'MOU0000001', 1, 0, 'INV_62219f9479e8f', 'CATE_6220e48be7080', 'MANU_62207227a97cb', '', '', '', '', 'STS_620be5e16097b', '', '61', 0),
('COMP_6221a14154a77', 'ADA0000002', 2, 0, 'INV_6221a1414f397', 'CATE_6220dd601d3db', 'MANU_62072fbf9470b', 'MODL_6220e54e1f88f', '', '', '', 'STS_620be5e16097b', 'COMP_6215088f7cfdd', '143', 0),
('COMP_6221a1872d73c', 'HAR0000006', 6, 0, 'INV_6221a1872452a', 'CATE_6220c8889164a', 'MANU_6220e576e36de', 'MODL_6220e56744463', '', '619659182557', '', 'STS_620be5e16097b', '', '222', 0),
('COMP_6221a1f33c047', 'BAT0000018', 18, 0, 'INV_6221a1f338490', 'CATE_62209f5599d8c', 'MANU_62072fbf9470b', 'MODL_6220e613472e9', '', '', '', 'STS_620be5e16097b', 'COMP_6215082cacf1f', '9', 0),
('COMP_6221a20d5e09c', 'BAT0000019', 19, 0, 'INV_6221a1f338490', 'CATE_62209f5599d8c', 'MANU_62072fbf9470b', 'MODL_6220e625408db', '', '', '', 'STS_620be5e16097b', 'COMP_621508259b3bb', '142', 0),
('COMP_6221a22f5752a', 'FAN0000001', 1, 0, 'INV_6221a1f338490', 'CATE_6220e641940fe', 'MANU_62072fbf9470b', '', '', '', '', 'STS_620be5e16097b', 'COMP_6215084cc734c', '73', 0),
('COMP_6221a3059a9c3', 'CAM0000009', 9, 0, 'INV_6221a30596fb3', 'CATE_6220de87681e9', 'MANU_6220de71a1dd9', 'MODL_6220e747ba912', '', '', '', '', '', '0', 0),
('COMP_6221a3059c6bb', 'CAM0000010', 10, 0, 'INV_6221a30596fb3', 'CATE_6220de87681e9', 'MANU_6220de71a1dd9', 'MODL_6220e747ba912', '', '', '', '', '', '0', 0),
('COMP_6221a3059e731', 'CAM0000011', 11, 0, 'INV_6221a30596fb3', 'CATE_6220de87681e9', 'MANU_6220de71a1dd9', 'MODL_6220e747ba912', '', '', '', '', '', '0', 0),
('COMP_6221a305a07bd', 'CAM0000012', 12, 0, 'INV_6221a30596fb3', 'CATE_6220de87681e9', 'MANU_6220de71a1dd9', 'MODL_6220e747ba912', '', '', '', '', '', '0', 0),
('COMP_6221a305a28bf', 'CAM0000013', 13, 0, 'INV_6221a30596fb3', 'CATE_6220de87681e9', 'MANU_6220de71a1dd9', 'MODL_6220e747ba912', '', '', '', '', '', '0', 0),
('COMP_6221a305a4931', 'CAM0000014', 14, 0, 'INV_6221a30596fb3', 'CATE_6220de87681e9', 'MANU_6220de71a1dd9', 'MODL_6220e747ba912', '', '', '', '', '', '0', 0),
('COMP_6221a305a6a0d', 'CAM0000015', 15, 0, 'INV_6221a30596fb3', 'CATE_6220de87681e9', 'MANU_6220de71a1dd9', 'MODL_6220e747ba912', '', '', '', '', '', '0', 0),
('COMP_6221a305a8a05', 'CAM0000016', 16, 0, 'INV_6221a30596fb3', 'CATE_6220de87681e9', 'MANU_6220de71a1dd9', 'MODL_6220e747ba912', '', '', '', '', '', '0', 0),
('COMP_6221a31d43e1a', 'NVR0000001', 1, 0, 'INV_6221a30596fb3', 'CATE_6220e77eeb1d8', 'MANU_6220de71a1dd9', 'MODL_6220e7706aa51', '', '', '', '', '', '0', 0),
('COMP_6221a33540f31', 'HAR0000007', 7, 0, 'INV_6221a30596fb3', 'CATE_6220c8889164a', 'MANU_6220e89b86955', 'MODL_6220e8865ef3c', '', '', '', '', '', '0', 0),
('COMP_6221a34be2627', 'SWI0000001', 1, 0, 'INV_6221a30596fb3', 'CATE_6220ce35ed58f', 'MANU_6220de71a1dd9', 'MODL_6220e79a0d925', '', '', '', '', '', '0', 0),
('COMP_6221a4014be3a', 'SWI0000002', 2, 0, 'INV_6221a40144dfc', 'CATE_6220ce35ed58f', 'MANU_6220e9a5d2127', 'MODL_6220e946bf455', '', '', '', '', '', '0', 0),
('COMP_6221a419bef00', 'CAT0000002', 2, 0, 'INV_6221a40144dfc', 'CATE_6220ce92ef5cb', 'MANU_6220ce73ba1e4', '', '', '', '1 Box', '', '', '0', 0),
('COMP_6221a47bdc372', 'SWI0000003', 3, 0, 'INV_6221a47bd7b62', 'CATE_6220ce35ed58f', 'MANU_6220e9a5d2127', 'MODL_6220e946bf455', '', '', '', '', '', '0', 0),
('COMP_6221a4d0e4456', 'PAT0000001', 1, 0, 'INV_6221a4d0e01a8', 'CATE_6220ea314a6fc', 'MANU_6220ce73ba1e4', 'MODL_6220ea52d1f81', '', '', '', '', '', '0', 0),
('COMP_6221a5ad7a4f1', 'ETH0000001', 1, 0, 'INV_6221a5ad74afc', 'CATE_6220eb02d1fdf', 'MANU_6220eac883371', 'MODL_6220eb201a537', '', '', '', '', '', '0', 0),
('COMP_6221a65a11904', 'BAT0000020', 20, 0, 'INV_6221a65a0e542', 'CATE_62209f5599d8c', 'MANU_62072fbf9470b', 'MODL_6220c6213d663', '', '', '', 'STS_620be5e16097b', '', '87', 0),
('COMP_6221a67a69523', 'HAR0000008', 8, 0, 'INV_6221a65a0e542', 'CATE_6220c8889164a', 'MANU_6220ebb3e216d', 'MODL_6220ebd7c331d', '', '', '', 'STS_620be5e16097b', '', '189', 0),
('COMP_6221a6f7f41ac', 'BAT0000021', 21, 0, 'INV_6221a6f7ee221', 'CATE_62209f5599d8c', 'MANU_62072fbf9470b', 'MODL_6220e613472e9', '', '', '', 'STS_620be5e16097b', '', '238', 0),
('COMP_6221a70f14939', 'HAR0000009', 9, 0, 'INV_6221a65a0e542', 'CATE_6220c8889164a', 'MANU_6220ecdd4e420', 'MODL_6220ecf93ecdc', '', '', '', '', '', '0', 0),
('COMP_6221a7757be4f', 'KBM0000024', 24, 0, 'INV_6221a775751ae', 'CATE_6220cbace7716', 'MANU_62207227a97cb', '', '', '', '', 'STS_620be5e16097b', '', '222', 0),
('COMP_6221a7901d1f1', 'USB0000001', 1, 0, 'INV_6221a775751ae', 'CATE_6220ed5c72c49', 'MANU_6220ed49b8ea5', 'MODL_6220ed6ac2716', '', '', '', 'STS_620be5e16097b', '', '70', 0),
('COMP_6221a833b4aeb', 'HAR0000010', 10, 0, 'INV_6221a833b0673', 'CATE_6220c8889164a', 'MANU_622074097bd81', 'MODL_6220ee80be93f', '', '2151E5F42D89', '', 'STS_620be5e16097b', 'COMP_620cd776b1b7a', '214', 0),
('COMP_6221a833b68a7', 'HAR0000011', 11, 0, 'INV_6221a833b0673', 'CATE_6220c8889164a', 'MANU_622074097bd81', 'MODL_6220ee80be93f', '', '2151E5F42DEA', '', 'STS_620be5e16097b', '', '178', 0),
('COMP_6221a833b88f7', 'HAR0000012', 12, 0, 'INV_6221a833b0673', 'CATE_6220c8889164a', 'MANU_622074097bd81', 'MODL_6220ee80be93f', '', '2151E5F42D98', '', 'STS_62074ed9870a4', '', '0', 0),
('COMP_6221a833ba963', 'HAR0000013', 13, 0, 'INV_6221a833b0673', 'CATE_6220c8889164a', 'MANU_622074097bd81', 'MODL_6220ee80be93f', '', '2151E5F42D8C', '', '', '', '0', 0),
('COMP_6221a833bc9f5', 'HAR0000014', 14, 0, 'INV_6221a833b0673', 'CATE_6220c8889164a', 'MANU_622074097bd81', 'MODL_6220ee80be93f', '', '2151E5F42DEE', '', '', '', '0', 0),
('COMP_6221a88202f7a', 'KBM0000025', 25, 0, 'INV_6221a833b0673', 'CATE_6220cbace7716', 'MANU_62207227a97cb', '', '', '211SY06MQ09', '', '', '', '0', 0),
('COMP_6221a882078b7', 'KBM0000026', 26, 0, 'INV_6221a833b0673', 'CATE_6220cbace7716', 'MANU_62207227a97cb', '', '', '211SY06K8E9', '', '', '', '0', 0),
('COMP_6221a882098d0', 'KBM0000027', 27, 0, 'INV_6221a833b0673', 'CATE_6220cbace7716', 'MANU_62207227a97cb', '', '', '211SY06GZT9', '', '', '', '0', 0),
('COMP_6221a8820b916', 'KBM0000028', 28, 0, 'INV_6221a833b0673', 'CATE_6220cbace7716', 'MANU_62207227a97cb', '', '', '211SY06GZS9', '', '', '', '0', 0),
('COMP_6221a8820da7c', 'KBM0000029', 29, 0, 'INV_6221a833b0673', 'CATE_6220cbace7716', 'MANU_62207227a97cb', '', '', '211SY06H1S9', '', '', '', '0', 0),
('COMP_6221a932eb817', 'MOU0000006', 6, 0, 'INV_6221a833b0673', 'CATE_620a3a9de75a8', 'MANU_62207227a97cb', '', '', '2141HS00Q3A9', '', '', '', '0', 0),
('COMP_6221a932ef553', 'MOU0000007', 7, 0, 'INV_6221a833b0673', 'CATE_620a3a9de75a8', 'MANU_62207227a97cb', '', '', '2141HS00K039', '', '', '', '0', 0),
('COMP_6221a932f14da', 'MOU0000008', 8, 0, 'INV_6221a833b0673', 'CATE_620a3a9de75a8', 'MANU_62207227a97cb', '', '', '2141HS00HUD9', '', '', '', '0', 0),
('COMP_6221a932f35c8', 'MOU0000009', 9, 0, 'INV_6221a833b0673', 'CATE_620a3a9de75a8', 'MANU_62207227a97cb', '', '', '2141HS00HYG9', '', '', '', '0', 0),
('COMP_6221a933013cf', 'MOU0000010', 10, 0, 'INV_6221a833b0673', 'CATE_620a3a9de75a8', 'MANU_62207227a97cb', '', '', '2137HS075JP9', '', '', '', '0', 0),
('COMP_6221a93303439', 'MOU0000011', 11, 0, 'INV_6221a833b0673', 'CATE_620a3a9de75a8', 'MANU_62207227a97cb', '', '', '2137HS075Q29', '', '', '', '0', 0),
('COMP_6221a9330550f', 'MOU0000012', 12, 0, 'INV_6221a833b0673', 'CATE_620a3a9de75a8', 'MANU_62207227a97cb', '', '', '2138HS00QZ29', '', '', '', '0', 0),
('COMP_6221a9330758d', 'MOU0000013', 13, 0, 'INV_6221a833b0673', 'CATE_620a3a9de75a8', 'MANU_62207227a97cb', '', '', '2138HS00PZ99', '', '', '', '0', 0),
('COMP_6221a933095f2', 'MOU0000014', 14, 0, 'INV_6221a833b0673', 'CATE_620a3a9de75a8', 'MANU_62207227a97cb', '', '', '2138HS006Y69', '', '', '', '0', 0),
('COMP_6221a9330b6b0', 'MOU0000015', 15, 0, 'INV_6221a833b0673', 'CATE_620a3a9de75a8', 'MANU_62207227a97cb', '', '', '-', '', '', '', '0', 0),
('COMP_6221a98328e2f', 'SMP0000001', 1, 0, 'INV_6221a833b0673', 'CATE_6220ede48fae5', 'MANU_6220ed49b8ea5', 'MODL_6220ee1bda990', '', 'PX90111166', '', '', '', '0', 0),
('COMP_6221a9832beb2', 'SMP0000002', 2, 0, 'INV_6221a833b0673', 'CATE_6220ede48fae5', 'MANU_6220ed49b8ea5', 'MODL_6220ee1bda990', '', 'PX90111169', '', '', '', '0', 0),
('COMP_6221a9832df90', 'SMP0000003', 3, 0, 'INV_6221a833b0673', 'CATE_6220ede48fae5', 'MANU_6220ed49b8ea5', 'MODL_6220ee1bda990', '', 'PX90107853', '', '', '', '0', 0),
('COMP_6221a9833001c', 'SMP0000004', 4, 0, 'INV_6221a833b0673', 'CATE_6220ede48fae5', 'MANU_6220ed49b8ea5', 'MODL_6220ee1bda990', '', 'PX90094661', '', '', '', '0', 0),
('COMP_6221a98332101', 'SMP0000005', 5, 0, 'INV_6221a833b0673', 'CATE_6220ede48fae5', 'MANU_6220ed49b8ea5', 'MODL_6220ee1bda990', '', 'PX90111167', '', '', '', '0', 0),
('COMP_6221aa0fbc792', 'BAT0000022', 22, 0, 'INV_6221aa0fb997a', 'CATE_62209f5599d8c', 'MANU_62072fbf9470b', 'MODL_6220ccd9e7e2b', '', '', '', 'STS_620be5e16097b', '', '34', 0),
('COMP_6221ab3fa4a09', 'PRO0000001', 1, 0, 'INV_6221aad8737cd', 'CATE_6220f00132390', 'MANU_6220eac883371', 'MODL_6220eff56d8ee', '', '81RE454805777', '', '', '', '0', 0),
('COMP_6221ab723c55a', 'PRO0000002', 2, 0, 'INV_6221aad8737cd', 'CATE_6220f00132390', 'MANU_6220eac883371', 'MODL_6220eff56d8ee', '', '81E88N2005690', '', '', '', '0', 0),
('COMP_6221ace23e23f', 'BIO0000001', 1, 0, 'INV_6221ace239904', 'CATE_6221ac100b113', 'MANU_6221abf5decdb', 'MODL_6221ac2654c03', '', 'CEXJ214660200', '', '', '', '0', 0),
('COMP_6221ace23ff5e', 'BIO0000002', 2, 0, 'INV_6221ace239904', 'CATE_6221ac100b113', 'MANU_6221abf5decdb', 'MODL_6221ac2654c03', '', 'CEXJ214660193', '', '', '', '0', 0),
('COMP_6221ad886426b', 'PRI0000003', 3, 0, 'INV_6221ad885d1f1', 'CATE_6220c4f3ecdbe', 'MANU_6220ce0ad6e8d', 'MODL_6220ce21664e9', '', 'E73800A2N225910', '', '', '', '0', 0),
('COMP_6221aeba05098', 'IPP0000001', 1, 0, 'INV_6221aeba00bcc', 'CATE_6221adde3ea75', 'MANU_6221adc2b624a', 'MODL_6221adfa44d90', '', '20EZ45AM10425224', '', 'STS_620be5e16097b', '', '141', 0),
('COMP_6221aee5c3345', 'IPP0000002', 2, 0, 'INV_6221aeba00bcc', 'CATE_6221adde3ea75', 'MANU_6221adcfae916', 'MODL_6221ae1229dc6', '', '201043D070020184', '', 'STS_620be5e16097b', '', '177', 0),
('COMP_6221afdc144bb', 'BAT0000023', 23, 0, 'INV_6221afdc10ff6', 'CATE_62209f5599d8c', 'MANU_62072fbf9470b', 'MODL_6220ccd9e7e2b', '', '', '', 'STS_62074ed9870a4', '', '0', 0),
('COMP_6221b0116a0b7', 'BAT0000024', 24, 0, 'INV_6221afdc10ff6', 'CATE_62209f5599d8c', 'MANU_62072fbf9470b', 'MODL_6221af4d5a2bd', '', '', '', '', '', '0', 0),
('COMP_6221b057053fb', 'BAT0000025', 25, 0, 'INV_6221afdc10ff6', 'CATE_62209f5599d8c', 'MANU_62072fbf9470b', 'MODL_6220a0131487a', '', '', '', 'STS_620be5e16097b', 'COMP_621508351e9cc', '0', 0),
('COMP_6221b06c55337', 'DIS0000001', 1, 0, 'INV_6221afdc10ff6', 'CATE_6221af9633276', 'MANU_62072fbf9470b', '', '', '', '', '', '', '0', 0),
('COMP_6221b09ebb107', 'HAR0000015', 15, 0, 'INV_6221afdc10ff6', 'CATE_6220c8889164a', 'MANU_622074097bd81', 'MODL_6220ee80be93f', '', '2202E5FC0DC9', '', 'STS_620be5e16097b', 'COMP_620cd62351496', '15', 0),
('COMP_6221b09ec2da8', 'HAR0000016', 16, 0, 'INV_6221afdc10ff6', 'CATE_6220c8889164a', 'MANU_622074097bd81', 'MODL_6220ee80be93f', '', '2202E5FC0DC5', '', '', '', '0', 0),
('COMP_6221b92fbb54d', 'BAT0000026', 26, 0, 'INV_6221b92fb7f42', 'CATE_62209f5599d8c', 'MANU_6220d7d4944e5', 'MODL_6221b84165ce3', '', '', '', '', '', '0', 0),
('COMP_6221b92fbd2a1', 'BAT0000027', 27, 0, 'INV_6221b92fb7f42', 'CATE_62209f5599d8c', 'MANU_6220d7d4944e5', 'MODL_6221b84165ce3', '', '', '', '', '', '0', 0),
('COMP_6221b92fbf338', 'BAT0000028', 28, 0, 'INV_6221b92fb7f42', 'CATE_62209f5599d8c', 'MANU_6220d7d4944e5', 'MODL_6221b84165ce3', '', '', '', '', '', '0', 0),
('COMP_6221b92fc1483', 'BAT0000029', 29, 0, 'INV_6221b92fb7f42', 'CATE_62209f5599d8c', 'MANU_6220d7d4944e5', 'MODL_6221b84165ce3', '', '', '', '', '', '0', 0),
('COMP_6221b92fc34cc', 'BAT0000030', 30, 0, 'INV_6221b92fb7f42', 'CATE_62209f5599d8c', 'MANU_6220d7d4944e5', 'MODL_6221b84165ce3', '', '', '', '', '', '0', 0),
('COMP_6221b92fc5541', 'BAT0000031', 31, 0, 'INV_6221b92fb7f42', 'CATE_62209f5599d8c', 'MANU_6220d7d4944e5', 'MODL_6221b84165ce3', '', '', '', '', '', '0', 0),
('COMP_6221b92fc757a', 'BAT0000032', 32, 0, 'INV_6221b92fb7f42', 'CATE_62209f5599d8c', 'MANU_6220d7d4944e5', 'MODL_6221b84165ce3', '', '', '', '', '', '0', 0),
('COMP_6221b92fc9605', 'BAT0000033', 33, 0, 'INV_6221b92fb7f42', 'CATE_62209f5599d8c', 'MANU_6220d7d4944e5', 'MODL_6221b84165ce3', '', '', '', '', '', '0', 0),
('COMP_6221b92fcb681', 'BAT0000034', 34, 0, 'INV_6221b92fb7f42', 'CATE_62209f5599d8c', 'MANU_6220d7d4944e5', 'MODL_6221b84165ce3', '', '', '', '', '', '0', 0),
('COMP_6221b92fcd721', 'BAT0000035', 35, 0, 'INV_6221b92fb7f42', 'CATE_62209f5599d8c', 'MANU_6220d7d4944e5', 'MODL_6221b84165ce3', '', '', '', '', '', '0', 0),
('COMP_6221b92fcf89d', 'BAT0000036', 36, 0, 'INV_6221b92fb7f42', 'CATE_62209f5599d8c', 'MANU_6220d7d4944e5', 'MODL_6221b84165ce3', '', '', '', '', '', '0', 0),
('COMP_6221b92fd1865', 'BAT0000037', 37, 0, 'INV_6221b92fb7f42', 'CATE_62209f5599d8c', 'MANU_6220d7d4944e5', 'MODL_6221b84165ce3', '', '', '', '', '', '0', 0),
('COMP_6221b92fd391d', 'BAT0000038', 38, 0, 'INV_6221b92fb7f42', 'CATE_62209f5599d8c', 'MANU_6220d7d4944e5', 'MODL_6221b84165ce3', '', '', '', '', '', '0', 0),
('COMP_6221b92fd5a75', 'BAT0000039', 39, 0, 'INV_6221b92fb7f42', 'CATE_62209f5599d8c', 'MANU_6220d7d4944e5', 'MODL_6221b84165ce3', '', '', '', '', '', '0', 0),
('COMP_6221b92fd7a78', 'BAT0000040', 40, 0, 'INV_6221b92fb7f42', 'CATE_62209f5599d8c', 'MANU_6220d7d4944e5', 'MODL_6221b84165ce3', '', '', '', '', '', '0', 0),
('COMP_6221b92fd9a6d', 'BAT0000041', 41, 0, 'INV_6221b92fb7f42', 'CATE_62209f5599d8c', 'MANU_6220d7d4944e5', 'MODL_6221b84165ce3', '', '', '', '', '', '0', 0),
('COMP_6221b92fdbc09', 'BAT0000042', 42, 0, 'INV_6221b92fb7f42', 'CATE_62209f5599d8c', 'MANU_6220d7d4944e5', 'MODL_6221b84165ce3', '', '', '', '', '', '0', 0),
('COMP_6221b92fddb90', 'BAT0000043', 43, 0, 'INV_6221b92fb7f42', 'CATE_62209f5599d8c', 'MANU_6220d7d4944e5', 'MODL_6221b84165ce3', '', '', '', '', '', '0', 0),
('COMP_6221b92fdfc37', 'BAT0000044', 44, 0, 'INV_6221b92fb7f42', 'CATE_62209f5599d8c', 'MANU_6220d7d4944e5', 'MODL_6221b84165ce3', '', '', '', '', '', '0', 0),
('COMP_6221b92fe1cd8', 'BAT0000045', 45, 0, 'INV_6221b92fb7f42', 'CATE_62209f5599d8c', 'MANU_6220d7d4944e5', 'MODL_6221b84165ce3', '', '', '', '', '', '0', 0),
('COMP_6222e3f13f56c', 'BAT0000046', 46, 0, 'INV_6221afdc10ff6', 'CATE_62209f5599d8c', 'MANU_62072fbf9470b', 'MODL_6221af76aa748', '', '', '', 'STS_620be5e16097b', '', '0', 0);

-- --------------------------------------------------------

--
-- Table structure for table `tbl_countries`
--

CREATE TABLE `tbl_countries` (
  `countries_uid` bigint(20) NOT NULL,
  `countries_code` varchar(5) NOT NULL,
  `countries_name` varchar(100) NOT NULL,
  `is_deleted` int(11) NOT NULL DEFAULT 0
) ENGINE=InnoDB DEFAULT CHARSET=utf8mb4;

--
-- Dumping data for table `tbl_countries`
--

INSERT INTO `tbl_countries` (`countries_uid`, `countries_code`, `countries_name`, `is_deleted`) VALUES
(1, 'AD', 'Andorra', 0),
(2, 'AE', 'United Arab Emirates', 0),
(3, 'AF', 'Afghanistan', 0),
(4, 'AG', 'Antigua and Barbuda', 0),
(5, 'AI', 'Anguilla', 0),
(6, 'AL', 'Albania', 0),
(7, 'AM', 'Armenia', 0),
(8, 'AN', 'Netherlands Antilles', 0),
(9, 'AO', 'Angola', 0),
(10, 'AQ', 'Antarctica', 0),
(11, 'AR', 'Argentina', 0),
(12, 'AT', 'Austria', 0),
(13, 'AU', 'Australia', 0),
(14, 'AW', 'Aruba', 0),
(15, 'AZ', 'Azerbaijan', 0),
(16, 'BA', 'Bosnia and Herzegovina', 0),
(17, 'BB', 'Barbados', 0),
(18, 'BD', 'Bangladesh', 0),
(19, 'BE', 'Belgium', 0),
(20, 'BF', 'Burkina Faso', 0),
(21, 'BG', 'Bulgaria', 0),
(22, 'BH', 'Bahrain', 0),
(23, 'BI', 'Burundi', 0),
(24, 'BJ', 'Benin', 0),
(25, 'BM', 'Bermuda', 0),
(26, 'BN', 'Brunei Darussalam', 0),
(27, 'BO', 'Bolivia', 0),
(28, 'BR', 'Brazil', 0),
(29, 'BS', 'Bahamas', 0),
(30, 'BT', 'Bhutan', 0),
(31, 'BV', 'Bouvet Island', 0),
(32, 'BW', 'Botswana', 0),
(33, 'BY', 'Belarus', 0),
(34, 'BZ', 'Belize', 0),
(35, 'CA', 'Canada', 0),
(36, 'CC', 'Cocos (Keeling) Islands', 0),
(37, 'CD', 'Democratic Republic of the Congo', 0),
(38, 'CF', 'Central African Republic', 0),
(39, 'CG', 'Republic of Congo', 0),
(40, 'CH', 'Switzerland', 0),
(41, 'CI', 'Ivory Coast', 0),
(42, 'CK', 'Cook Islands', 0),
(43, 'CL', 'Chile', 0),
(44, 'CM', 'Cameroon', 0),
(45, 'CN', 'China', 0),
(46, 'CO', 'Colombia', 0),
(47, 'CR', 'Costa Rica', 0),
(48, 'CU', 'Cuba', 0),
(49, 'CV', 'Cape Verde', 0),
(50, 'CX', 'Christmas Island', 0),
(51, 'CY', 'Cyprus', 0),
(52, 'CZ', 'Czech Republic', 0),
(53, 'DE', 'Germany', 0),
(54, 'DJ', 'Djibouti', 0),
(55, 'DK', 'Denmark', 0),
(56, 'DM', 'Dominica', 0),
(57, 'DO', 'Dominican Republic', 0),
(58, 'DS', 'American Samoa', 0),
(59, 'DZ', 'Algeria', 0),
(60, 'EC', 'Ecuador', 0),
(61, 'EE', 'Estonia', 0),
(62, 'EG', 'Egypt', 0),
(63, 'EH', 'Western Sahara', 0),
(64, 'ER', 'Eritrea', 0),
(65, 'ES', 'Spain', 0),
(66, 'ET', 'Ethiopia', 0),
(67, 'FI', 'Finland', 0),
(68, 'FJ', 'Fiji', 0),
(69, 'FK', 'Falkland Islands (Malvinas)', 0),
(70, 'FM', 'Micronesia, Federated States of', 0),
(71, 'FO', 'Faroe Islands', 0),
(72, 'FR', 'France', 0),
(73, 'FX', 'France, Metropolitan', 0),
(74, 'GA', 'Gabon', 0),
(75, 'GB', 'United Kingdom', 0),
(76, 'GD', 'Grenada', 0),
(77, 'GE', 'Georgia', 0),
(78, 'GF', 'French Guiana', 0),
(79, 'GH', 'Ghana', 0),
(80, 'GI', 'Gibraltar', 0),
(81, 'GK', 'Guernsey', 0),
(82, 'GL', 'Greenland', 0),
(83, 'GM', 'Gambia', 0),
(84, 'GN', 'Guinea', 0),
(85, 'GP', 'Guadeloupe', 0),
(86, 'GQ', 'Equatorial Guinea', 0),
(87, 'GR', 'Greece', 0),
(88, 'GS', 'South Georgia South Sandwich Islands', 0),
(89, 'GT', 'Guatemala', 0),
(90, 'GU', 'Guam', 0),
(91, 'GW', 'Guinea-Bissau', 0),
(92, 'GY', 'Guyana', 0),
(93, 'HK', 'Hong Kong', 0),
(94, 'HM', 'Heard and Mc Donald Islands', 0),
(95, 'HN', 'Honduras', 0),
(96, 'HR', 'Croatia (Hrvatska)', 0),
(97, 'HT', 'Haiti', 0),
(98, 'HU', 'Hungary', 0),
(99, 'ID', 'Indonesia', 0),
(100, 'IE', 'Ireland', 0),
(101, 'IL', 'Israel', 0),
(102, 'IM', 'Isle of Man', 0),
(103, 'IN', 'India', 0),
(104, 'IO', 'British Indian Ocean Territory', 0),
(105, 'IQ', 'Iraq', 0),
(106, 'IR', 'Iran (Islamic Republic of)', 0),
(107, 'IS', 'Iceland', 0),
(108, 'IT', 'Italy', 0),
(109, 'JE', 'Jersey', 0),
(110, 'JM', 'Jamaica', 0),
(111, 'JO', 'Jordan', 0),
(112, 'JP', 'Japan', 0),
(113, 'KE', 'Kenya', 0),
(114, 'KG', 'Kyrgyzstan', 0),
(115, 'KH', 'Cambodia', 0),
(116, 'KI', 'Kiribati', 0),
(117, 'KM', 'Comoros', 0),
(118, 'KN', 'Saint Kitts and Nevis', 0),
(119, 'KP', 'Korea, Democratic People\'s Republic of', 0),
(120, 'KR', 'Korea, Republic of', 0),
(121, 'KW', 'Kuwait', 0),
(122, 'KY', 'Cayman Islands', 0),
(123, 'KZ', 'Kazakhstan', 0),
(124, 'LA', 'Lao People\'s Democratic Republic', 0),
(125, 'LB', 'Lebanon', 0),
(126, 'LC', 'Saint Lucia', 0),
(127, 'LI', 'Liechtenstein', 0),
(128, 'LK', 'Sri Lanka', 0),
(129, 'LR', 'Liberia', 0),
(130, 'LS', 'Lesotho', 0),
(131, 'LT', 'Lithuania', 0),
(132, 'LU', 'Luxembourg', 0),
(133, 'LV', 'Latvia', 0),
(134, 'LY', 'Libyan Arab Jamahiriya', 0),
(135, 'MA', 'Morocco', 0),
(136, 'MC', 'Monaco', 0),
(137, 'MD', 'Moldova, Republic of', 0),
(138, 'ME', 'Montenegro', 0),
(139, 'MG', 'Madagascar', 0),
(140, 'MH', 'Marshall Islands', 0),
(141, 'MK', 'North Macedonia', 0),
(142, 'ML', 'Mali', 0),
(143, 'MM', 'Myanmar', 0),
(144, 'MN', 'Mongolia', 0),
(145, 'MO', 'Macau', 0),
(146, 'MP', 'Northern Mariana Islands', 0),
(147, 'MQ', 'Martinique', 0),
(148, 'MR', 'Mauritania', 0),
(149, 'MS', 'Montserrat', 0),
(150, 'MT', 'Malta', 0),
(151, 'MU', 'Mauritius', 0),
(152, 'MV', 'Maldives', 0),
(153, 'MW', 'Malawi', 0),
(154, 'MX', 'Mexico', 0),
(155, 'MY', 'Malaysia', 0),
(156, 'MZ', 'Mozambique', 0),
(157, 'NA', 'Namibia', 0),
(158, 'NC', 'New Caledonia', 0),
(159, 'NE', 'Niger', 0),
(160, 'NF', 'Norfolk Island', 0),
(161, 'NG', 'Nigeria', 0),
(162, 'NI', 'Nicaragua', 0),
(163, 'NL', 'Netherlands', 0),
(164, 'NO', 'Norway', 0),
(165, 'NP', 'Nepal', 0),
(166, 'NR', 'Nauru', 0),
(167, 'NU', 'Niue', 0),
(168, 'NZ', 'New Zealand', 0),
(169, 'OM', 'Oman', 0),
(170, 'PA', 'Panama', 0),
(171, 'PE', 'Peru', 0),
(172, 'PF', 'French Polynesia', 0),
(173, 'PG', 'Papua New Guinea', 0),
(174, 'PH', 'Philippines', 0),
(175, 'PK', 'Pakistan', 0),
(176, 'PL', 'Poland', 0),
(177, 'PM', 'St. Pierre and Miquelon', 0),
(178, 'PN', 'Pitcairn', 0),
(179, 'PR', 'Puerto Rico', 0),
(180, 'PS', 'Palestine', 0),
(181, 'PT', 'Portugal', 0),
(182, 'PW', 'Palau', 0),
(183, 'PY', 'Paraguay', 0),
(184, 'QA', 'Qatar', 0),
(185, 'RE', 'Reunion', 0),
(186, 'RO', 'Romania', 0),
(187, 'RS', 'Serbia', 0),
(188, 'RU', 'Russian Federation', 0),
(189, 'RW', 'Rwanda', 0),
(190, 'SA', 'Saudi Arabia', 0),
(191, 'SB', 'Solomon Islands', 0),
(192, 'SC', 'Seychelles', 0),
(193, 'SD', 'Sudan', 0),
(194, 'SE', 'Sweden', 0),
(195, 'SG', 'Singapore', 0),
(196, 'SH', 'St. Helena', 0),
(197, 'SI', 'Slovenia', 0),
(198, 'SJ', 'Svalbard and Jan Mayen Islands', 0),
(199, 'SK', 'Slovakia', 0),
(200, 'SL', 'Sierra Leone', 0),
(201, 'SM', 'San Marino', 0),
(202, 'SN', 'Senegal', 0),
(203, 'SO', 'Somalia', 0),
(204, 'SR', 'Suriname', 0),
(205, 'SS', 'South Sudan', 0),
(206, 'ST', 'Sao Tome and Principe', 0),
(207, 'SV', 'El Salvador', 0),
(208, 'SY', 'Syrian Arab Republic', 0),
(209, 'SZ', 'Swaziland', 0),
(210, 'TC', 'Turks and Caicos Islands', 0),
(211, 'TD', 'Chad', 0),
(212, 'TF', 'French Southern Territories', 0),
(213, 'TG', 'Togo', 0),
(214, 'TH', 'Thailand', 0),
(215, 'TJ', 'Tajikistan', 0),
(216, 'TK', 'Tokelau', 0),
(217, 'TM', 'Turkmenistan', 0),
(218, 'TN', 'Tunisia', 0),
(219, 'TO', 'Tonga', 0),
(220, 'TP', 'East Timor', 0),
(221, 'TR', 'Turkey', 0),
(222, 'TT', 'Trinidad and Tobago', 0),
(223, 'TV', 'Tuvalu', 0),
(224, 'TW', 'Taiwan', 0),
(225, 'TY', 'Mayotte', 0),
(226, 'TZ', 'Tanzania, United Republic of', 0),
(227, 'UA', 'Ukraine', 0),
(228, 'UG', 'Uganda', 0),
(229, 'UM', 'United States minor outlying islands', 0),
(230, 'US', 'United States', 0),
(231, 'UY', 'Uruguay', 0),
(232, 'UZ', 'Uzbekistan', 0),
(233, 'VA', 'Vatican City State', 0),
(234, 'VC', 'Saint Vincent and the Grenadines', 0),
(235, 'VE', 'Venezuela', 0),
(236, 'VG', 'Virgin Islands (British)', 0),
(237, 'VI', 'Virgin Islands (U.S.)', 0),
(238, 'VN', 'Vietnam', 0),
(239, 'VU', 'Vanuatu', 0),
(240, 'WF', 'Wallis and Futuna Islands', 0),
(241, 'WS', 'Samoa', 0),
(242, 'XK', 'Kosovo', 0),
(243, 'YE', 'Yemen', 0),
(244, 'ZA', 'South Africa', 0),
(245, 'ZM', 'Zambia', 0),
(246, 'ZW', 'Zimbabwe', 0);

-- --------------------------------------------------------

--
-- Table structure for table `tbl_invoice`
--

CREATE TABLE `tbl_invoice` (
  `invoice_uid` varchar(64) NOT NULL,
  `invoice_date` date NOT NULL,
  `invoice_no` varchar(50) NOT NULL,
  `supplier` varchar(64) NOT NULL,
  `purchase_date` date NOT NULL,
  `purchase_no` varchar(50) NOT NULL,
  `purchase_cost` varchar(50) NOT NULL,
  `inv_filename` varchar(100) NOT NULL,
  `is_deleted` int(11) NOT NULL DEFAULT 0
) ENGINE=InnoDB DEFAULT CHARSET=utf8mb4;

--
-- Dumping data for table `tbl_invoice`
--

INSERT INTO `tbl_invoice` (`invoice_uid`, `invoice_date`, `invoice_no`, `supplier`, `purchase_date`, `purchase_no`, `purchase_cost`, `inv_filename`, `is_deleted`) VALUES
('INV_620cedfd797b9', '2022-02-12', 'PT/650/21-22', 'SUPP_620cecdb10640', '2022-02-10', 'Pac/21-22/79', '35,400.00', '620e30f5ecaf5.pdf', 0),
('INV_620f401fc1504', '2022-02-15', 'HUB/21-22/2845', 'SUPP_62072fde6fc74', '2022-02-15', 'Pac/21-22/83', '1,16,820.00', '620f3fc31723a.pdf', 0),
('INV_6215b611bf328', '2022-02-21', 'BT/21-22/02114', 'SUPP_6215b5abafa3d', '2022-02-18', 'Pac/21-22/84', '1,53,400.00', '', 0),
('INV_6215c5d67c713', '2022-01-19', 'HUB/21-22/2558', 'SUPP_62072fde6fc74', '2022-01-19', 'PAC/21-22/70', '49500', '', 0),
('INV_6215c67d2d307', '2021-12-29', 'HUB/21-22/2353', 'SUPP_62072fde6fc74', '2021-12-29', 'PAC/21-22/65', '73240', '', 0),
('INV_6215c73f8300a', '2021-12-16', 'HUB/21-22/2211', 'SUPP_62072fde6fc74', '2021-12-16', 'PAC/21-22/62', '74340', '', 0),
('INV_6215c78669d53', '2021-12-09', 'HUB/21-22/2141', 'SUPP_62072fde6fc74', '2021-12-09', 'PAC/21-22/57', '148680', '', 0),
('INV_6215c83b108bf', '2021-11-19', 'HUB/21-22/1955', 'SUPP_62072fde6fc74', '2021-11-19', 'PAC/21-22/45', '54811', '', 0),
('INV_6215c8b900221', '2021-11-15', 'INV-FY2122-0710', 'SUPP_6215c884c5db6', '2021-11-12', 'PAC/21-22/43', '73000.05', '', 0),
('INV_6215c905eecd5', '2021-11-29', 'HUB/21-22/2047', 'SUPP_62072fde6fc74', '2021-10-18', 'PAC/21-22/38', '113870', '', 0),
('INV_6215c9687de7d', '2021-09-29', 'HUB/21-22/1485', 'SUPP_62072fde6fc74', '2021-09-29', 'PAC/21-22/35', '161290', '', 0),
('INV_6215ca0f0da59', '2021-09-15', 'HUB/21-22/1302', 'SUPP_62072fde6fc74', '2021-09-14', 'PAC/21-22/31', '233640.44', '', 0),
('INV_6215ca99814ff', '2021-07-26', 'HUB/21-22/0807', 'SUPP_62072fde6fc74', '2021-06-28', 'PAC/21-22/16', '935740', '', 0),
('INV_6215cafb1c399', '2021-07-26', 'HUB/21-22/0808', 'SUPP_62072fde6fc74', '2021-06-28', 'PAC/21-22/16', '935740', '', 0),
('INV_6215cb4f1d78b', '2021-07-13', 'HUB/21-22/0663', 'SUPP_62072fde6fc74', '2021-06-28', 'PAC/21-22/16', '935740', '', 0),
('INV_6215cc0d3188e', '2021-06-28', 'HUB/21-22/0510', 'SUPP_62072fde6fc74', '2021-06-28', 'PAC/21-22/16', '935740', '', 0),
('INV_6215cd2a7528e', '2021-06-22', 'INV-FY2122-0156', 'SUPP_6215c884c5db6', '2021-06-17', 'PAC/21-22/13', '88000', '', 0),
('INV_6215cdf809b54', '2021-04-30', 'BT/21-22/00199', 'SUPP_6215b5abafa3d', '2021-04-29', 'PAC/21-22/05', '79700.34', '', 0),
('INV_6215ce3b09d00', '2021-04-08', 'HUB/21-22/0038', 'SUPP_62072fde6fc74', '2021-04-07', 'PAC/21-22/02', '264000', '', 0),
('INV_6215ced70b51a', '2021-03-12', 'HUB/20-21/2854', 'SUPP_62072fde6fc74', '0000-00-00', '', '', '', 0),
('INV_6215cf86a3f85', '2020-11-27', 'HUB/20-21/1876', 'SUPP_62072fde6fc74', '0000-00-00', '', '', '', 0),
('INV_6215cfda51530', '2020-11-23', 'HUB/20-21/1816', 'SUPP_62072fde6fc74', '0000-00-00', '', '', '', 0),
('INV_6215d01cc25ad', '2020-10-12', 'HUB/20-21/1381', 'SUPP_62072fde6fc74', '0000-00-00', '', '', '', 0),
('INV_6215d06523e64', '2020-10-12', 'HUB/20-21/1382', 'SUPP_62072fde6fc74', '0000-00-00', '', '', '', 0),
('INV_6215d0aba87e1', '2020-09-15', 'HUB/20-21/1123', 'SUPP_62072fde6fc74', '0000-00-00', '', '', '', 0),
('INV_6215d0f1e1904', '2020-08-01', 'HUB/20-21/0703', 'SUPP_62072fde6fc74', '0000-00-00', '', '', '', 0),
('INV_6215d3ecbd4ff', '2020-07-04', 'HUB/20-21/0474', 'SUPP_62072fde6fc74', '0000-00-00', '', '', '', 0),
('INV_6215d43d17869', '2020-06-27', 'HUB/20-21/0419', 'SUPP_62072fde6fc74', '0000-00-00', '', '', '', 0),
('INV_6215d48379fca', '2020-06-08', 'HUB/20-21/0216', 'SUPP_62072fde6fc74', '0000-00-00', '', '', '', 0),
('INV_6215d590c1033', '2020-05-05', 'HUB/20-21/0015', 'SUPP_62072fde6fc74', '0000-00-00', '', '', '', 0),
('INV_6215d60def173', '2020-05-29', 'HUB/20-21/0140', 'SUPP_62072fde6fc74', '0000-00-00', '', '', '', 0),
('INV_6215d69ca8016', '2019-12-28', 'HUB/19-20/1954', 'SUPP_62072fde6fc74', '0000-00-00', '', '', '', 0),
('INV_6215d71fc4e4a', '2019-12-28', 'PT/472/19-20', 'SUPP_620cecdb10640', '0000-00-00', '', '', '', 0),
('INV_6215d7ff20543', '2019-08-24', 'PT/261/19-20', 'SUPP_620cecdb10640', '0000-00-00', '', '', '', 0),
('INV_6215d86fed2b6', '2019-08-08', 'JKL/11/013', 'SUPP_6215d843f0867', '0000-00-00', '', '', '', 0),
('INV_6215d8b6d7c05', '2019-08-05', 'JKL/11/012', 'SUPP_6215d843f0867', '0000-00-00', '', '', '', 0),
('INV_6215d9019667b', '2019-05-30', 'PT/095/19-20', 'SUPP_620cecdb10640', '0000-00-00', '', '', '', 0),
('INV_6215da06d5c1c', '2019-05-03', 'FABXOT2000000380', 'SUPP_6215d9d2b55ea', '0000-00-00', '', '', '', 0),
('INV_6215da5518022', '2019-05-14', 'PT/075/19-20', 'SUPP_620cecdb10640', '0000-00-00', '', '', '', 0),
('INV_6215db0941fb6', '2019-05-07', 'HUB/19-20/0213', 'SUPP_62072fde6fc74', '0000-00-00', '', '', '', 0),
('INV_6215db72a082c', '2019-05-06', 'PT/064/19-20', 'SUPP_620cecdb10640', '0000-00-00', '', '', '', 0),
('INV_6215dbe1eb8c5', '2019-04-29', 'PT/047/19-20', 'SUPP_620cecdb10640', '0000-00-00', '', '', '', 0),
('INV_6215dc6c9a57e', '2019-04-08', 'PT/014/19-20', 'SUPP_620cecdb10640', '0000-00-00', '', '', '', 0),
('INV_6215dd13c95aa', '2019-02-19', 'HUB/18-19/2396', 'SUPP_62072fde6fc74', '0000-00-00', '', '', '', 0),
('INV_6215dd9c3df09', '2019-01-07', 'HO/I/05258', 'SUPP_6215dd5ee3410', '0000-00-00', '', '', '', 0),
('INV_6215dfd88679e', '2019-01-03', 'HUB/18-19/2029', 'SUPP_62072fde6fc74', '0000-00-00', '', '', '', 0),
('INV_6215e5a1e78a6', '2018-12-22', 'BT/00173', 'SUPP_6215b5abafa3d', '0000-00-00', '', '', '', 0),
('INV_6215e6b5af1f3', '2018-12-13', 'HUB/18-19/1893', 'SUPP_62072fde6fc74', '0000-00-00', '', '', '', 0),
('INV_6215e77296950', '2018-12-11', 'HO/I/04815', 'SUPP_6215dd5ee3410', '0000-00-00', '', '', '', 0),
('INV_6215e7f190876', '2018-11-19', 'BT/00100', 'SUPP_6215b5abafa3d', '0000-00-00', '', '', '', 0),
('INV_6215e84040212', '2018-11-16', 'HUB/18-19/1693', 'SUPP_62072fde6fc74', '0000-00-00', '', '', '', 0),
('INV_6215e95966fc7', '2018-10-30', 'PT/2161/18-19', 'SUPP_620cecdb10640', '0000-00-00', '', '', '', 0),
('INV_6215ea103f4e8', '2018-08-10', 'HUB/18-19/0998', 'SUPP_62072fde6fc74', '0000-00-00', '', '', '', 0),
('INV_6215eacb4f741', '2018-06-28', 'HUB/18-19/0661', 'SUPP_62072fde6fc74', '0000-00-00', '', '', '', 0),
('INV_6215ec4b08954', '2018-11-30', 'IH/17-18/0994', 'SUPP_62072fde6fc74', '0000-00-00', '', '', '', 0),
('INV_6215ed6a79e0d', '2017-09-06', '1280', 'SUPP_6215dd5ee3410', '0000-00-00', '', '', '', 0),
('INV_6215ede3e8db7', '2017-08-24', 'PT/GST/118/17-18', 'SUPP_620cecdb10640', '0000-00-00', '', '', '', 0),
('INV_6215ee43e0fab', '2017-06-05', 'IT HUB/17-18/0457', 'SUPP_62072fde6fc74', '0000-00-00', '', '', '', 0),
('INV_6215ee829ab0b', '2017-04-07', 'IT HUB/17-18/0033', 'SUPP_62072fde6fc74', '0000-00-00', '', '', '', 0),
('INV_6215eecfafc6d', '2017-02-10', 'IT HUB/16-17/2047', 'SUPP_62072fde6fc74', '0000-00-00', '', '', '', 0),
('INV_6215ef065fd57', '2017-01-28', 'IT HUB/16-17/1930', 'SUPP_62072fde6fc74', '0000-00-00', '', '', '', 0),
('INV_6215fb5e2bd60', '2016-11-29', 'IT HUB/16-17/1611', 'SUPP_62072fde6fc74', '0000-00-00', '', '', '', 0),
('INV_6215fba0e1540', '2016-10-26', 'IT HUB/16-17/1386', 'SUPP_62072fde6fc74', '0000-00-00', '', '', '', 0),
('INV_6215fbebb5d01', '2016-07-27', 'IT HUB/16-17/0789', 'SUPP_62072fde6fc74', '0000-00-00', '', '', '', 0),
('INV_6215fc2bf1055', '2016-07-29', 'IT HUB/16-17/0808', 'SUPP_62072fde6fc74', '0000-00-00', '', '', '', 0),
('INV_6215fcae547bf', '2016-06-27', 'IT HUB/16-17/0347', 'SUPP_62072fde6fc74', '0000-00-00', '', '', '', 0),
('INV_6215fd06b0182', '2016-03-21', 'IT HUB/15-16/2092', 'SUPP_62072fde6fc74', '0000-00-00', '', '', '', 0),
('INV_6215fd50d6a74', '2016-03-21', 'IT HUB/15-16/2091', 'SUPP_62072fde6fc74', '0000-00-00', '', '', '', 0),
('INV_6215fd956ed42', '2015-12-30', 'IT HUB/15-16/1601', 'SUPP_62072fde6fc74', '0000-00-00', '', '', '', 0),
('INV_6215fde6cdf01', '2015-12-29', 'IT HUB/15-16/1593', 'SUPP_62072fde6fc74', '0000-00-00', '', '', '', 0),
('INV_6215fe36d0549', '2015-05-30', 'IT HUB/15-16/0302', 'SUPP_62072fde6fc74', '0000-00-00', '', '', '', 0),
('INV_6215febef164e', '2015-04-14', 'IT HUB/15-16/0064', 'SUPP_62072fde6fc74', '0000-00-00', '', '', '', 0),
('INV_6215ff1653595', '2015-03-02', '1697', 'SUPP_62072fde6fc74', '0000-00-00', '', '', '', 0),
('INV_6215ff48896d0', '2015-02-09', '1564', 'SUPP_62072fde6fc74', '0000-00-00', '', '', '', 0),
('INV_6215ffb3779b7', '2015-02-13', 'PT/2014-2015/2545', 'SUPP_6215ff894b656', '0000-00-00', '', '', '', 0),
('INV_621600595423f', '2014-11-21', '1119', 'SUPP_62072fde6fc74', '0000-00-00', '', '', '', 0),
('INV_6216008a868f8', '2014-07-01', 'PT/2014-2015/0680', 'SUPP_6215ff894b656', '0000-00-00', '', '', '', 0),
('INV_621600aebc897', '2014-04-25', '125', 'SUPP_62072fde6fc74', '0000-00-00', '', '', '', 0),
('INV_62161a2b3196f', '2013-06-12', '8030088086', 'SUPP_62161a0580923', '0000-00-00', '', '', '', 0),
('INV_62161a7dbbde8', '2012-12-05', '872', 'SUPP_62072fde6fc74', '0000-00-00', '', '', '', 0),
('INV_62209ff1b7cf7', '2021-04-07', '3', 'SUPP_6206512860a54', '2021-04-07', 'PAC/21-22/01', '8800', '', 0),
('INV_6220fba48709c', '2021-04-10', 'HUB/21-22/0072', 'SUPP_62072fde6fc74', '2021-04-09', 'PAC/21-22/03', '8900', '', 0),
('INV_6220fc192cf58', '2021-04-19', 'INV-FY2122-0046', 'SUPP_6215c884c5db6', '2021-04-16', 'PAC/21-22/04', '9850.53', '', 0),
('INV_6220fc8a33152', '2021-05-05', 'INV-FY2122-0100', 'SUPP_6215c884c5db6', '2021-05-04', 'PAC/21-22/06', '6000.30', '', 0),
('INV_6220fee55204b', '2021-05-06', '14', 'SUPP_6206512860a54', '2021-05-04', 'PAC/21-22/07', '26432', '', 0),
('INV_6220ffa1ce1ef', '2021-05-06', '15', 'SUPP_6206512860a54', '2021-05-06', 'PAC/21-22/08', '1500', '', 0),
('INV_6221929dddd22', '2021-05-10', 'HUB/21-22/0276', 'SUPP_62072fde6fc74', '2021-05-09', 'PAC/21-22/09', '6300', '', 0),
('INV_6221933fa6db5', '2021-05-26', 'HUB/21-22/0326', 'SUPP_62072fde6fc74', '2021-05-26', 'PAC/21-22/11', '78588', '', 0),
('INV_62219435516bf', '2021-07-10', 'HUB/21-22/0637', 'SUPP_62072fde6fc74', '2021-07-07', 'PAC/21-22/17', '14160', '', 0),
('INV_622194cec5d67', '2021-07-07', '41', 'SUPP_6206512860a54', '2021-07-07', 'PAC/21-22/18', '14980', '', 0),
('INV_62219571cb9d0', '2021-07-15', 'HUB/21-22/0685', 'SUPP_62072fde6fc74', '2021-07-14', 'PAC/21-22/21', '14991.90', '', 0),
('INV_622196c9cbd62', '2021-07-24', 'INV-FY2122-0270', 'SUPP_6215c884c5db6', '2021-07-20', 'PAC/21-22/22', '125154.34', '', 0),
('INV_6221977df3b67', '2021-07-26', 'INV-FY2122-0272', 'SUPP_6215c884c5db6', '2021-07-20', 'PAC/21-22/22', '125154.34', '', 0),
('INV_622197e15dcfc', '2021-07-28', 'INV-FY2122-0286', 'SUPP_6215c884c5db6', '2021-07-20', 'PAC/21-22/22', '125154.34', '', 0),
('INV_6221998df37f3', '2021-07-20', '435', 'SUPP_6220d8175565f', '2021-07-20', 'PAC/21-22/23', '54500', '', 0),
('INV_62219a24378ef', '2021-07-26', 'HUB/21-22/0809', 'SUPP_62072fde6fc74', '2021-07-26', 'PAC/21-22/24', '8990', '', 0),
('INV_62219b959e0ec', '2021-08-04', '52', 'SUPP_6206512860a54', '2021-07-27', 'PAC/21-22/25', '54634', '', 0),
('INV_62219ce49ed9d', '2021-08-14', '57', 'SUPP_6206512860a54', '2021-08-14', 'PAC/21-22/28', '2350', '', 0),
('INV_62219d43ad8bb', '2021-08-14', 'HUB/21-22/1036', 'SUPP_62072fde6fc74', '2021-08-14', 'PAC/21-22/29', '3850', '', 0),
('INV_62219dd1b5212', '2021-09-02', 'HUB/21-22/1205', 'SUPP_62072fde6fc74', '2021-09-02', 'PAC/21-22/30', '34532.70', '', 0),
('INV_62219ea807639', '2021-09-21', '66', 'SUPP_6206512860a54', '2021-09-20', 'PAC/21-22/32', '10300', '', 0),
('INV_62219f11e7f6a', '2021-09-29', '76', 'SUPP_6206512860a54', '2021-09-28', 'PAC/21-22/34', '7200', '', 0),
('INV_62219f9479e8f', '2021-10-11', '84', 'SUPP_6206512860a54', '2021-10-11', 'PAC/21-22/37', '7780', '', 0),
('INV_6221a1414f397', '2021-11-08', 'HUB/21-22/1840', 'SUPP_62072fde6fc74', '2021-11-08', 'PAC/21-22/40', '15257.40', '', 0),
('INV_6221a1872452a', '2021-11-09', 'HUB/21-22/1846', 'SUPP_62072fde6fc74', '2021-11-08', 'PAC/21-22/40', '15257.40', '', 0),
('INV_6221a1f338490', '2021-11-11', '90', 'SUPP_6206512860a54', '2021-11-09', 'PAC/21-22/41', '12350', '', 0),
('INV_6221a30596fb3', '2021-12-18', '42', 'SUPP_6220e7f73ecf4', '2021-12-07', 'PAC/21-22/53', '54098', '', 0),
('INV_6221a40144dfc', '2021-12-08', 'HUB/21-22/2135', 'SUPP_62072fde6fc74', '2021-12-07', 'PAC/21-22/54', '75402', '', 0),
('INV_6221a47bd7b62', '2021-12-31', 'HUB/21-22/2370', 'SUPP_62072fde6fc74', '2021-12-07', 'PAC/21-22/54', '75402', '', 0),
('INV_6221a4d0e01a8', '2021-12-08', 'HUB/21-22/2136', 'SUPP_62072fde6fc74', '2021-12-08', 'PAC/21-22/55', '11682', '', 0),
('INV_6221a5ad74afc', '2021-12-22', 'INV-FY2122-0853', 'SUPP_6215c884c5db6', '2021-12-16', 'PAC/21-22/60', '21240', '', 0),
('INV_6221a65a0e542', '2021-12-18', '103', 'SUPP_6206512860a54', '2021-12-16', 'PAC/21-22/61', '12054', '', 0),
('INV_6221a6f7ee221', '2021-12-22', '107', 'SUPP_6206512860a54', '2021-12-21', 'PAC/21-22/63', '10800', '', 0),
('INV_6221a775751ae', '2022-01-04', '114', 'SUPP_6206512860a54', '2022-01-04', 'PAC/21-22/66', '2035', '', 0),
('INV_6221a833b0673', '2022-01-11', '119', 'SUPP_6206512860a54', '2022-01-11', 'PAC/21-22/67', '33660', '', 0),
('INV_6221aa0fb997a', '2022-01-18', '121', 'SUPP_6206512860a54', '2022-01-18', 'PAC/21-22/69', '8300.12', '', 0),
('INV_6221aad8737cd', '2022-01-27', 'BT/21-22/01941', 'SUPP_6215b5abafa3d', '2022-01-27', 'PAC/21-22/71', '42893', '', 0),
('INV_6221ace239904', '2022-02-10', '132', 'SUPP_6206512860a54', '2022-02-10', 'PAC/21-22/78', '24544', '', 0),
('INV_6221ad885d1f1', '2022-02-23', 'HUB/21-22/2942', 'SUPP_62072fde6fc74', '2022-02-23', 'PAC/21-22/95', '14573', '', 0),
('INV_6221aeba00bcc', '2022-02-26', 'STINV-2122-037', 'SUPP_6221ae4bb226d', '2022-02-25', 'PAC/21-22/96', '8083', '', 0),
('INV_6221afdc10ff6', '2022-03-01', '139', 'SUPP_6206512860a54', '2022-03-01', 'PAC/21-22/97', '31562', '', 0),
('INV_6221b92fb7f42', '2021-11-23', '2037161309', 'SUPP_6221b8b1d5afc', '2021-11-19', 'PAC/21-22/44', '150016', '', 0),
('INV_6221e1bfa01af', '2021-06-28', 'FTD/21-22/044', 'SUPP_6221e15eb8baa', '2021-06-21', 'PAC/21-22/12', '665520', '', 0),
('INV_6221e62cde9be', '2021-12-31', 'FTD/21-22/195', 'SUPP_6221e15eb8baa', '0000-00-00', '', '', '', 0),
('INV_6221e6514c248', '2021-12-21', 'FTD/21-22/187', 'SUPP_6221e15eb8baa', '0000-00-00', '', '', '', 0),
('INV_6221e66ec3853', '2021-11-08', 'FTD/21-22/143', 'SUPP_6221e15eb8baa', '0000-00-00', '', '', '', 0),
('INV_6221e69cb0bd2', '2021-10-19', 'FTD/21-22/135', 'SUPP_6221e15eb8baa', '0000-00-00', '', '', '', 0),
('INV_6221e6b3bbf71', '2021-09-08', 'FTD/21-22/101', 'SUPP_6221e15eb8baa', '0000-00-00', '', '', '', 0),
('INV_6221e6c89b4ae', '2021-07-09', 'FTD/21-22/060', 'SUPP_6221e15eb8baa', '0000-00-00', '', '', '', 0),
('INV_6221e7091cf05', '2021-03-24', 'FTD/21-22/245', 'SUPP_6221e15eb8baa', '0000-00-00', '', '', '', 0);

-- --------------------------------------------------------

--
-- Table structure for table `tbl_ldapconnect`
--

CREATE TABLE `tbl_ldapconnect` (
  `ldap_uid` bigint(20) NOT NULL,
  `ldap_srvr` varchar(100) NOT NULL,
  `domain_name` varchar(100) NOT NULL,
  `bind_dn` varchar(100) NOT NULL,
  `is_deleted` int(11) NOT NULL DEFAULT 0
) ENGINE=InnoDB DEFAULT CHARSET=latin1;

-- --------------------------------------------------------

--
-- Table structure for table `tbl_locations`
--

CREATE TABLE `tbl_locations` (
  `location_uid` varchar(64) NOT NULL,
  `location_name` varchar(100) NOT NULL,
  `manager` varchar(100) NOT NULL,
  `addressline1` varchar(150) NOT NULL,
  `addressline2` varchar(150) NOT NULL,
  `city` varchar(100) NOT NULL,
  `state` varchar(100) NOT NULL,
  `countries` varchar(64) NOT NULL,
  `zipcode` varchar(10) NOT NULL,
  `location_image` varchar(100) NOT NULL,
  `is_deleted` int(11) NOT NULL DEFAULT 0
) ENGINE=InnoDB DEFAULT CHARSET=utf8mb4;

--
-- Dumping data for table `tbl_locations`
--

INSERT INTO `tbl_locations` (`location_uid`, `location_name`, `manager`, `addressline1`, `addressline2`, `city`, `state`, `countries`, `zipcode`, `location_image`, `is_deleted`) VALUES
('LOC_620641147b4be', '', '', '', '', '', '', '', '', '6206411376d19.jpg', 1),
('LOC_620650f32690e', 'AKS Nagar', 'Sukumar S', 'AKS Nagar, Gandhi Park', 'RS Puram', 'Coimbatore', 'Tamilnadu', '103', '641005', '620650f135727.png', 0),
('LOC_620ceca517bfa', 'Singanallur', '', '', '', '', '', '0', '', '', 0),
('LOC_620f3f36b4de0', 'Chennai', '', '', '', '', '', '0', '', '', 0),
('LOC_62137a775c006', 'Karur', '', '', '', '', '', '', '', '', 0),
('LOC_62137a8925b77', 'Perundurai', '', '', '', '', '', '', '', '', 0);

-- --------------------------------------------------------

--
-- Table structure for table `tbl_manufacturers`
--

CREATE TABLE `tbl_manufacturers` (
  `manufacturers_uid` varchar(64) NOT NULL,
  `manufacturers_name` varchar(150) NOT NULL,
  `manufacturers_url` varchar(150) NOT NULL,
  `manufacturers_supporturl` varchar(200) NOT NULL,
  `manufacturers_supportphone` varchar(20) NOT NULL,
  `manufacturers_supportemail` varchar(50) NOT NULL,
  `manufacturers_image` varchar(50) NOT NULL,
  `is_deleted` int(11) NOT NULL DEFAULT 0
) ENGINE=InnoDB DEFAULT CHARSET=utf8mb4;

--
-- Dumping data for table `tbl_manufacturers`
--

INSERT INTO `tbl_manufacturers` (`manufacturers_uid`, `manufacturers_name`, `manufacturers_url`, `manufacturers_supporturl`, `manufacturers_supportphone`, `manufacturers_supportemail`, `manufacturers_image`, `is_deleted`) VALUES
('MANU_6206514b97ee3', 'Dell', '', '', '18004235544', 'support@dell.com', '', 1),
('MANU_62072fbf9470b', 'Dell', '', '', '', '', '', 0),
('MANU_62072fc87ec12', 'Apple', '', '', '', '', '', 0),
('MANU_620b2ed054f2b', 'Assembled', '', '', '', '', '', 0),
('MANU_620ca9b8befe2', 'Asus', '', '', '', '', '', 0),
('MANU_620ca9c9107c8', 'HP', '', '', '', '', '', 0),
('MANU_620ca9ec11f16', 'Lenovo', '', '', '', '', '', 0),
('MANU_620ca9f77e307', 'Microsoft', '', '', '', '', '', 0),
('MANU_62207227a97cb', 'Logitech', '', '', '', '', '', 0),
('MANU_622074097bd81', 'Crucial', '', '', '', '', '', 0),
('MANU_6220c8428abbd', 'Gigabyte', '', '', '', '', '', 0),
('MANU_6220c84f5ffba', 'Silicon', '', '', '', '', '', 0),
('MANU_6220c97748554', 'DLink', '', '', '', '', '', 0),
('MANU_6220c982e3066', 'TPLink', '', '', '', '', '', 0),
('MANU_6220ce0ad6e8d', 'Brother', '', '', '', '', '', 0),
('MANU_6220ce73ba1e4', 'Commscope', '', '', '', '', '', 0),
('MANU_6220d79139b5d', 'Microtek', '', '', '', '', '', 0),
('MANU_6220d7d4944e5', 'Exide', '', '', '', '', '', 0),
('MANU_6220de71a1dd9', 'Hikvision', '', '', '', '', '', 0),
('MANU_6220e4a008097', 'Coconut', '', '', '', '', '', 0),
('MANU_6220e4ae0be21', 'Huawei', '', '', '', '', '', 0),
('MANU_6220e576e36de', 'Scandisk', '', '', '', '', '', 0),
('MANU_6220e89b86955', 'Segate', '', '', '', '', '', 0),
('MANU_6220e9a5d2127', 'Netgear', '', '', '', '', '', 0),
('MANU_6220eac883371', 'Intel', '', '', '', '', '', 0),
('MANU_6220ebb3e216d', 'Samsung', '', '', '', '', '', 0),
('MANU_6220ecdd4e420', 'ADATA', '', '', '', '', '', 0),
('MANU_6220ed49b8ea5', 'Finger', '', '', '', '', '', 0),
('MANU_6221abf5decdb', 'ESSL', '', '', '', '', '', 0),
('MANU_6221adc2b624a', 'GrandStream', '', '', '', '', '', 0),
('MANU_6221adcfae916', 'Yealink', '', '', '', '', '', 0),
('MANU_6221d2b5ad693', 'Cadence', '', '', '', '', '', 0);

-- --------------------------------------------------------

--
-- Table structure for table `tbl_modelno`
--

CREATE TABLE `tbl_modelno` (
  `modelno_uid` varchar(64) NOT NULL,
  `model_number` varchar(100) NOT NULL,
  `modelno_image` varchar(100) NOT NULL,
  `is_deleted` int(11) NOT NULL DEFAULT 0
) ENGINE=InnoDB DEFAULT CHARSET=utf8mb4;

-- --------------------------------------------------------

--
-- Table structure for table `tbl_models`
--

CREATE TABLE `tbl_models` (
  `models_uid` varchar(64) NOT NULL,
  `models_name` varchar(100) NOT NULL,
  `models_image` varchar(100) NOT NULL,
  `is_deleted` int(11) NOT NULL DEFAULT 0
) ENGINE=InnoDB DEFAULT CHARSET=utf8mb4;

--
-- Dumping data for table `tbl_models`
--

INSERT INTO `tbl_models` (`models_uid`, `models_name`, `models_image`, `is_deleted`) VALUES
('MODL_6213605633057', '240 G7 Notebook PC', '621469d1ed028.png', 0),
('MODL_6213605f19693', '250 G7 Notebook PC', '621469d1ed028.png', 0),
('MODL_6213606dbbdf7', 'EliteBook 840 G3', '621469d1ed028.png', 0),
('MODL_6213608516b4e', 'Latitude 3400', '621469d1ed028.png', 0),
('MODL_62136112356ca', 'Latitude 3410', '621469d1ed028.png', 0),
('MODL_6213611b3d48a', 'Latitude 3420', '621469d1ed028.png', 0),
('MODL_621361256407a', 'Latitude 3450', '621469d1ed028.png', 0),
('MODL_6213612e6560e', 'Latitude 3460', '621469d1ed028.png', 0),
('MODL_62136136efa43', 'Latitude 3480', '621469d1ed028.png', 0),
('MODL_6213613f30590', 'Latitude 3490', '621469d1ed028.png', 0),
('MODL_62136148808e7', 'Latitude 3510', '621469d1ed028.png', 0),
('MODL_6213615232570', 'Latitude 3540', '621469d1ed028.png', 0),
('MODL_6213615be3166', 'Latitude 3550', '621469d1ed028.png', 0),
('MODL_621361656df5a', 'Latitude 3560', '621469d1ed028.png', 0),
('MODL_621378b8a6501', 'Latitude 3580', '621469d1ed028.png', 0),
('MODL_621378c52179a', 'Latitude 5290', '621469d1ed028.png', 0),
('MODL_621378cf4cbde', 'Latitude 5400', '621469d1ed028.png', 0),
('MODL_621378d883e03', 'Latitude 5490', '621469d1ed028.png', 0),
('MODL_621378e183f20', 'Latitude 5491', '621469d1ed028.png', 0),
('MODL_621378ea70dbd', 'Latitude 7420', '621469d1ed028.png', 0),
('MODL_621378f375f13', 'Latitude 7480', '621469d1ed028.png', 0),
('MODL_621378fc9547d', 'Latitude E5440', '621469d1ed028.png', 0),
('MODL_621379061aee4', 'Latitude E5450', '621469d1ed028.png', 0),
('MODL_621379111d89e', 'Latitude E5470', '621469d1ed028.png', 0),
('MODL_6213791a74f1e', 'Latitude E5520', '621469d1ed028.png', 0),
('MODL_621379239e0d5', 'Latitude E5530', '621469d1ed028.png', 0),
('MODL_6213792c9c26d', 'Latitude E5540', '621469d1ed028.png', 0),
('MODL_6213793575f7e', 'Latitude E5570', '621469d1ed028.png', 0),
('MODL_6213793eac95d', 'Latitude E6330', '621469d1ed028.png', 0),
('MODL_6213794a611c9', 'Latitude E6420', '621469d1ed028.png', 0),
('MODL_62137955b0386', 'Latitude E6430', '621469d1ed028.png', 0),
('MODL_6213795ecaf81', 'Latitude E6520', '621469d1ed028.png', 0),
('MODL_6213796868340', 'Latitude E6540', '621469d1ed028.png', 0),
('MODL_62137973e6183', 'Latitude E7440', '621469d1ed028.png', 0),
('MODL_6213797bcc5c7', 'Latitude E7450', '621469d1ed028.png', 0),
('MODL_621379850c415', 'Latitude E7470', '621469d1ed028.png', 0),
('MODL_62137997450ac', 'Lattitude E6330', '621469d1ed028.png', 0),
('MODL_621379a9c0e40', 'M509DA-EJ561T', '621469d1ed028.png', 0),
('MODL_621379b5aa833', 'Mobile Wokstation 8560W', '621469d1ed028.png', 0),
('MODL_621379bf861da', 'Precision 3541', '621469d1ed028.png', 0),
('MODL_621379c90f1f9', 'Precision 3551', '621469d1ed028.png', 0),
('MODL_621379dac4eda', 'Precision M2800', '621469d1ed028.png', 0),
('MODL_621379e2be1ea', 'Surface Book 3', '621469d1ed028.png', 0),
('MODL_621379f011d60', 'Think Centre A58', '621469d1ed028.png', 0),
('MODL_621379fe04b5a', 'X505ZA_X505ZA', '621469d1ed028.png', 0),
('MODL_62137a0783a8d', 'X509DA_M509DA', '621469d1ed028.png', 0),
('MODL_62137a1f91d8e', 'Vostro 3400', '621469d1ed028.png', 0),
('MODL_62137a2f9eebd', 'Vostro 3460', '621469d1ed028.png', 0),
('MODL_62137a37cadfc', 'Vostro 3546', '621469d1ed028.png', 0),
('MODL_62137a40cea09', 'Vostro 3550', '621469d1ed028.png', 0),
('MODL_62137a4d709de', 'Vostro 3560', '621469d1ed028.png', 0),
('MODL_6214d1521580f', 'Vostro 3500', '', 0),
('MODL_622072367e3b2', 'USB Mouse', '', 0),
('MODL_6220a0131487a', 'J60J5 - Battery', '', 0),
('MODL_6220a08827a6d', 'M5Y1K-Battary', '', 0),
('MODL_6220c5161eb48', 'Deskjet Plus IA 6075', '', 0),
('MODL_6220c6213d663', '6MT4T-Battary', '', 0),
('MODL_6220c81b79dfb', 'Gigabyte H61 Motherboard', '', 0),
('MODL_6220c830cda5a', 'Power SSD - 512 GB', '', 0),
('MODL_6220cafe1b471', 'Docking Station W19', '', 0),
('MODL_6220cc33e0288', 'Headset H110', '', 0),
('MODL_6220ccd9e7e2b', 'WDX0R-Battery', '', 0),
('MODL_6220ccf610f22', 'XCMRD-Battery', '', 0),
('MODL_6220cdfa9c805', 'E2421-Monitor', '', 0),
('MODL_6220ce21664e9', 'L2520D-Printer', '', 0),
('MODL_6220ce478fb41', 'Semi Managed 24P Switch', '', 0),
('MODL_6220d7c404812', '3 KVA 36 Volts UPS', '', 0),
('MODL_6220d7f04010e', 'EL 150 AH-Battery', '', 0),
('MODL_6220dd3bb4b17', '33YDH-Battery', '', 0),
('MODL_6220deb221278', '4 TB HDD', '', 0),
('MODL_6220df9f60489', 'Webcamera HD 1080', '', 0),
('MODL_6220e01dc1e0e', 'Portronics 150W', '', 0),
('MODL_6220e0b982630', 'Ex- B365 M -V5', '', 0),
('MODL_6220e0d143241', 'H81M - CS', '', 0),
('MODL_6220e0eb8a533', 'RFJMW - Battery', '', 0),
('MODL_6220e1127ed43', 'M.2 500 GB', '', 0),
('MODL_6220e30c7219b', 'T54FJ 69 WH', '', 0),
('MODL_6220e32e5a9af', '8858X - 48 WH', '', 0),
('MODL_6220e3e8cc598', 'C270 Webcam', '', 0),
('MODL_6220e54e1f88f', '60W Original - Adapter', '', 0),
('MODL_6220e56744463', '1 TB SSD External HDD', '', 0),
('MODL_6220e613472e9', 'F3YGT- 60 WH', '', 0),
('MODL_6220e625408db', '3DDDG - 42 WH', '', 0),
('MODL_6220e747ba912', '2 MP IP DS-2CD202WF-I', '', 0),
('MODL_6220e7706aa51', '8CH NVR DS-7P08NI-K1', '', 0),
('MODL_6220e79a0d925', '8P POE', '', 0),
('MODL_6220e8865ef3c', '2 TB AV HDD', '', 0),
('MODL_6220e946bf455', '24P Gigabyte POE', '', 0),
('MODL_6220ea52d1f81', '24P Patch Panel Cat6', '', 0),
('MODL_6220eb201a537', 'X540-T2 10G Ethernet PCI', '', 0),
('MODL_6220ebd7c331d', '500 GB T5 SSD External HDD', '', 0),
('MODL_6220ecf93ecdc', '480 GB M.2 SSD HDD', '', 0),
('MODL_6220ed6ac2716', '4P USB Hub', '', 0),
('MODL_6220ee1bda990', 'Gama 401 - SMPS', '', 0),
('MODL_6220ee80be93f', '480 GB SSD Sata HDD', '', 0),
('MODL_6220efd6010a5', 'H510ME - Motherboard', '', 0),
('MODL_6220eff56d8ee', 'Core i5 11th Gen Processor', '', 0),
('MODL_6220fe5fc1f5b', 'Gigabyte H110MH Motherboard', '', 0),
('MODL_62219b1c6b805', '5MP Indoor Camera with Mic', '', 0),
('MODL_62219b27acbf0', '5MP Outdoor Camera with Mic', '', 0),
('MODL_6221ac2654c03', 'MB 160 Biometric', '', 0),
('MODL_6221adfa44d90', 'GRP 2602 P - IPPhone', '', 0),
('MODL_6221ae1229dc6', 'SIP-T31P-IPPhone', '', 0),
('MODL_6221af4d5a2bd', 'VVKCY-Battey', '', 0),
('MODL_6221af76aa748', 'N3X1D-Battery', '', 0),
('MODL_6221b84165ce3', '6 EL Dubler 60 AH', '', 0),
('MODL_6221d2ec821a1', 'Allegro Design Publisher', '', 0),
('MODL_6221e27be3d79', 'Allegro Design Authering', '', 0),
('MODL_6221e34b532b5', 'Orcad PCB Designer Standard', '', 0),
('MODL_6221e36b4b38a', 'Orcad PCB Designer Professional', '', 0),
('MODL_6221e393c1384', 'Allegro Design Designer', '', 0),
('MODL_6221e3b6254df', 'Allegro PCB Designer', '', 0),
('MODL_6221eaf188181', 'Capture - Allegro', '', 0),
('MODL_6221eafe7ac13', 'AW - Allegro', '', 0);

-- --------------------------------------------------------

--
-- Table structure for table `tbl_status`
--

CREATE TABLE `tbl_status` (
  `status_uid` varchar(64) NOT NULL,
  `seq_id` int(11) NOT NULL,
  `status_name` varchar(100) NOT NULL,
  `is_deleted` int(11) NOT NULL DEFAULT 0
) ENGINE=InnoDB DEFAULT CHARSET=utf8mb4;

--
-- Dumping data for table `tbl_status`
--

INSERT INTO `tbl_status` (`status_uid`, `seq_id`, `status_name`, `is_deleted`) VALUES
('STS_62074ed9870a4', 1, 'In  Store', 0),
('STS_620be5d6254e6', 2, 'Ready to Deploy', 0),
('STS_620be5e16097b', 3, 'Assigned', 0),
('STS_6216761b22bf0', 4, 'Lost/Stolen', 0),
('STS_6216762ae048f', 5, 'Broken - Not Fixable', 0),
('STS_621676c75f47b', 6, 'Out for Repair', 0),
('STS_621676df06944', 7, 'Scrab', 0);

-- --------------------------------------------------------

--
-- Table structure for table `tbl_supplier`
--

CREATE TABLE `tbl_supplier` (
  `supplier_uid` varchar(64) NOT NULL,
  `supplier_name` varchar(500) NOT NULL,
  `supplier_address1` varchar(100) NOT NULL,
  `supplier_address2` varchar(100) NOT NULL,
  `supplier_city` varchar(100) NOT NULL,
  `supplier_state` varchar(100) NOT NULL,
  `supplier_country` bigint(20) NOT NULL,
  `supplier_zipcode` varchar(10) NOT NULL,
  `supplier_contactname` varchar(100) NOT NULL,
  `supplier_phone` varchar(100) NOT NULL,
  `supplier_fax` varchar(100) NOT NULL,
  `supplier_email` varchar(100) NOT NULL,
  `supplier_url` varchar(100) NOT NULL,
  `supplier_notes` varchar(200) NOT NULL,
  `supplier_imagename` varchar(100) NOT NULL,
  `is_deleted` int(11) NOT NULL DEFAULT 0
) ENGINE=InnoDB DEFAULT CHARSET=utf8mb4;

--
-- Dumping data for table `tbl_supplier`
--

INSERT INTO `tbl_supplier` (`supplier_uid`, `supplier_name`, `supplier_address1`, `supplier_address2`, `supplier_city`, `supplier_state`, `supplier_country`, `supplier_zipcode`, `supplier_contactname`, `supplier_phone`, `supplier_fax`, `supplier_email`, `supplier_url`, `supplier_notes`, `supplier_imagename`, `is_deleted`) VALUES
('SUPP_6206512860a54', 'VM Syscare', 'Gandipuram', '', 'Coimbatore', 'Tamilnadu', 103, '641001', 'Dinesh', '1234567890', '', 'vmsyscare@gmail.com', '', '', '', 0),
('SUPP_62072fde6fc74', 'IT Hub', '', '', '', '', 0, '', '', '', '', '', '', '', '', 0),
('SUPP_620cecdb10640', 'PAMSTECHNO', '', '', '', '', 0, '', '', '', '', '', '', '', '', 0),
('SUPP_6215b5abafa3d', 'BATS Technologies', '', '', '', '', 0, '', '', '', '', '', '', '', '', 0),
('SUPP_6215c884c5db6', 'Indsys Holdings India Pvt Ltd', '', '', '', '', 0, '', '', '', '', '', '', '', '', 0),
('SUPP_6215d843f0867', 'J K Laptop House', '', '', '', '', 0, '', '', '', '', '', '', '', '', 0),
('SUPP_6215d9d2b55ea', 'Shri Maruti Electronics', '', '', '', '', 0, '', '', '', '', '', '', '', '', 0),
('SUPP_6215dd5ee3410', 'INIT Systems', '', '', '', '', 0, '', '', '', '', '', '', '', '', 0),
('SUPP_6215ff894b656', 'Phoenix Technologies', '', '', '', '', 0, '', '', '', '', '', '', '', '', 0),
('SUPP_62161a0580923', 'Dell India Pvt Ltd', '', '', '', '', 0, '', '', '', '', '', '', '', '', 0),
('SUPP_6220d8175565f', 'Sri Sai Darshan Traders', '', '', '', '', 0, '', '', '', '', '', '', '', '', 0),
('SUPP_6220e7f73ecf4', 'Right Click Solution', '', '', '', '', 0, '', '', '', '', '', '', '', '', 0),
('SUPP_6221ae4bb226d', 'Sparz Telecom (OPC) Pvt Ltd', '', '', '', '', 0, '', '', '', '', '', '', '', '', 0),
('SUPP_6221b8b1d5afc', 'Novateur Electrical and Digital Systems Pvt Ltd', '', '', '', '', 0, '', '', '', '', '', '', '', '', 0),
('SUPP_6221e15eb8baa', 'FTD Automation Pvt Ltd', '', '', '', '', 0, '', '', '', '', '', '', '', '', 0);

-- --------------------------------------------------------

--
-- Table structure for table `tbl_type`
--

CREATE TABLE `tbl_type` (
  `type_uid` bigint(20) NOT NULL,
  `type_name` varchar(100) NOT NULL,
  `is_deleted` int(11) NOT NULL DEFAULT 0
) ENGINE=InnoDB DEFAULT CHARSET=utf8mb4;

--
-- Dumping data for table `tbl_type`
--

INSERT INTO `tbl_type` (`type_uid`, `type_name`, `is_deleted`) VALUES
(1, 'License', 0),
(2, 'Consumable', 0),
(3, 'Component', 0),
(4, 'Asset', 0),
(5, 'Accessory', 0);

-- --------------------------------------------------------

--
-- Table structure for table `tbl_useraccess`
--

CREATE TABLE `tbl_useraccess` (
  `usraccess_uid` bigint(20) NOT NULL,
  `access_name` varchar(100) NOT NULL,
  `is_deleted` int(11) NOT NULL DEFAULT 0
) ENGINE=InnoDB DEFAULT CHARSET=latin1;

--
-- Dumping data for table `tbl_useraccess`
--

INSERT INTO `tbl_useraccess` (`usraccess_uid`, `access_name`, `is_deleted`) VALUES
(1, 'Super_Admin', 0),
(2, 'All_users', 0);

-- --------------------------------------------------------

--
-- Table structure for table `tbl_users`
--

CREATE TABLE `tbl_users` (
  `users_uid` bigint(20) NOT NULL,
  `emp_id` varchar(64) NOT NULL,
  `firstname` varchar(100) NOT NULL,
  `lastname` varchar(100) NOT NULL,
  `username` varchar(100) NOT NULL,
  `password` varchar(100) NOT NULL,
  `mobile_no` varchar(20) NOT NULL,
  `email_address` varchar(50) NOT NULL,
  `address1` varchar(200) NOT NULL,
  `address2` varchar(200) NOT NULL,
  `city` varchar(100) NOT NULL,
  `country` bigint(20) NOT NULL,
  `is_firstlogin` int(11) NOT NULL DEFAULT 0,
  `user_access` bigint(20) NOT NULL,
  `is_deleted` int(11) NOT NULL DEFAULT 0
) ENGINE=InnoDB DEFAULT CHARSET=latin1;

--
-- Dumping data for table `tbl_users`
--

INSERT INTO `tbl_users` (`users_uid`, `emp_id`, `firstname`, `lastname`, `username`, `password`, `mobile_no`, `email_address`, `address1`, `address2`, `city`, `country`, `is_firstlogin`, `user_access`, `is_deleted`) VALUES
(1, 'PI0543', 'Mari', 'Gopal', 'marigopal', 'anpaWFY1MHJ4c2tNcFRsdndVL0U5dz09', '', '', '', '', '', 0, 0, 2, 0);

--
-- Indexes for dumped tables
--

--
-- Indexes for table `tbl_category`
--
ALTER TABLE `tbl_category`
  ADD UNIQUE KEY `category_uid` (`category_uid`);

--
-- Indexes for table `tbl_company`
--
ALTER TABLE `tbl_company`
  ADD UNIQUE KEY `company_uid` (`company_uid`);

--
-- Indexes for table `tbl_component`
--
ALTER TABLE `tbl_component`
  ADD UNIQUE KEY `component_uid` (`component_uid`);

--
-- Indexes for table `tbl_countries`
--
ALTER TABLE `tbl_countries`
  ADD PRIMARY KEY (`countries_uid`);

--
-- Indexes for table `tbl_invoice`
--
ALTER TABLE `tbl_invoice`
  ADD UNIQUE KEY `invoice_uid` (`invoice_uid`);

--
-- Indexes for table `tbl_ldapconnect`
--
ALTER TABLE `tbl_ldapconnect`
  ADD PRIMARY KEY (`ldap_uid`);

--
-- Indexes for table `tbl_locations`
--
ALTER TABLE `tbl_locations`
  ADD UNIQUE KEY `location_uid` (`location_uid`);

--
-- Indexes for table `tbl_manufacturers`
--
ALTER TABLE `tbl_manufacturers`
  ADD UNIQUE KEY `manufacturers_uid` (`manufacturers_uid`);

--
-- Indexes for table `tbl_modelno`
--
ALTER TABLE `tbl_modelno`
  ADD UNIQUE KEY `modelno_uid` (`modelno_uid`);

--
-- Indexes for table `tbl_models`
--
ALTER TABLE `tbl_models`
  ADD UNIQUE KEY `models_uid` (`models_uid`);

--
-- Indexes for table `tbl_status`
--
ALTER TABLE `tbl_status`
  ADD UNIQUE KEY `status_uid` (`status_uid`);

--
-- Indexes for table `tbl_supplier`
--
ALTER TABLE `tbl_supplier`
  ADD UNIQUE KEY `supplier_uid` (`supplier_uid`);

--
-- Indexes for table `tbl_type`
--
ALTER TABLE `tbl_type`
  ADD PRIMARY KEY (`type_uid`);

--
-- Indexes for table `tbl_useraccess`
--
ALTER TABLE `tbl_useraccess`
  ADD PRIMARY KEY (`usraccess_uid`);

--
-- Indexes for table `tbl_users`
--
ALTER TABLE `tbl_users`
  ADD PRIMARY KEY (`users_uid`),
  ADD KEY `User_Access` (`user_access`);

--
-- AUTO_INCREMENT for dumped tables
--

--
-- AUTO_INCREMENT for table `tbl_countries`
--
ALTER TABLE `tbl_countries`
  MODIFY `countries_uid` bigint(20) NOT NULL AUTO_INCREMENT, AUTO_INCREMENT=247;

--
-- AUTO_INCREMENT for table `tbl_ldapconnect`
--
ALTER TABLE `tbl_ldapconnect`
  MODIFY `ldap_uid` bigint(20) NOT NULL AUTO_INCREMENT;

--
-- AUTO_INCREMENT for table `tbl_type`
--
ALTER TABLE `tbl_type`
  MODIFY `type_uid` bigint(20) NOT NULL AUTO_INCREMENT, AUTO_INCREMENT=6;

--
-- AUTO_INCREMENT for table `tbl_useraccess`
--
ALTER TABLE `tbl_useraccess`
  MODIFY `usraccess_uid` bigint(20) NOT NULL AUTO_INCREMENT, AUTO_INCREMENT=3;

--
-- AUTO_INCREMENT for table `tbl_users`
--
ALTER TABLE `tbl_users`
  MODIFY `users_uid` bigint(20) NOT NULL AUTO_INCREMENT, AUTO_INCREMENT=2;
COMMIT;

/*!40101 SET CHARACTER_SET_CLIENT=@OLD_CHARACTER_SET_CLIENT */;
/*!40101 SET CHARACTER_SET_RESULTS=@OLD_CHARACTER_SET_RESULTS */;
/*!40101 SET COLLATION_CONNECTION=@OLD_COLLATION_CONNECTION */;
